PIDM,PR_CITY,PR_STAT_CODE,PR_STAT_DESC,PR_ZIP,PR_NATN_CODE,PR_NATN_DESC
1357480,Ewa Beach,HI,Hawaii,96706,,
1351869,San Francisco,CA,California,94132-3129,,
1358334,Stockton,CA,California,95209-4505,,
1339594,Stockton,CA,California,95207,,
1294675,San Jose,CA,California,95118,,
1343619,Stockton,CA,California,95207-3623,,
1334778,Pleasant Hill,CA,California,94523,,
1365638,Antelope,CA,California,95843,,
1316171,,,,,,
1292089,Millbrae,CA,California,94030,,
1357622,Martinez,CA,California,94553,,
1334630,,,,,,
1363760,,,,,,
1297823,,,,,,
1368941,San Jose,CA,California,95128,,
1333306,San Rafael,CA,California,94901,,
1297998,Milpitas,CA,California,95035,,
1343678,,,,,,
1298265,Sacramento,CA,California,95831,,
1282088,Stockton,CA,California,95219,,
1357050,Redlands,CA,California,92374,,
1330818,,,,,,
1343177,,,,,,
1366576,Sacramento,CA,California,95829,,
1329273,Tucson,AZ,Arizona,85705,,
1296665,San Leandro,CA,California,94577,,
1296302,Centennial,CO,Colorado,80016,,
1338621,San Jose ,CA,California,95131,,
1343138,Sacramento,CA,California,95829-6716,,
1297810,Windsor,CA,California,95492,,
1331290,Reedley,CA,California,93654,,
1322131,Los Banos,CA,California,93635,131.0,UNITED STATES
1330916,,,,,,
1284268,,,,,,
1365022,Poway,CA,California,92064,,
1360578,Honolulu,HI,Hawaii,96822,,
1365712,Elk Grove,CA,California,95757,,
1360411,Stockton,CA,California,95219,,
1258940,San Francisco,CA,California,94132,,
1372531,Manteca,CA,California,95337-7308,,
1372781,San Francisco,CA,California,94116,,
1127653,,,,,,
1365376,Lodi,CA,California,95242,131.0,UNITED STATES
1338520,Camarillo,CA,California,93010,,
1372908,Portola Valley,CA,California,94028,,
1305623,Stockton,CA,California,95212,,
1346467,,,,,,
1342945,San Francisco,CA,California,94109,,
1367261,Modesto,CA,California,95356,,
1367246,,,,,,
1367569,Los Angeles,CA,California,90041,,
1338977,Brea,CA,California,92823,,
1360510,Mililani,HI,Hawaii,96789,,
1370338,Bellevue,WA,Washington,98008,131.0,UNITED STATES
1372153,Belmont,CA,California,94002,,
1375336,,,,,,
1305480,Golden,CO,Colorado,80401,,
1343404,Lodi,CA,California,95242,,
1374734,Boulder,CO,Colorado,80302-5196,,
1290853,Pioneer,CA,California,95666,,
1127656,,,,,,
1292150,Redding,CA,California,96003,,
1371756,Sacramento,CA,California,95822,,
1359855,,,,,,
1375997,Modesto,CA,California,95350-1629,,
1376009,Castro Valley,CA,California,94546,,
1288381,,,,,,
1291645,San Jose,CA,California,95129,,
1288089,Ewa Beach,HI,Hawaii,96706,,
1331277,Livingston,CA,California,95334,,
1339645,,,,,,
1332831,,,,,,
1376928,Modesto,CA,California,95355,,
1376974,,,,,,
1365370,Stockton,CA,California,95205-5503,,
1322837,,,,,,
1287016,Litchfield Park,AZ,Arizona,85340,,
1375004,Stockton,CA,California,95210-5231,,
1364981,Scotts Valley,CA,California,95066,131.0,UNITED STATES
1367157,French Camp,CA,California,95231,,
1365076,Huntington Beach,CA,California,92647,,
1375438,Honolulu,HI,Hawaii,96816,,
1377935,Folsom,CA,California,95630,,
1378085,,,,,,
1365308,,,,,,
1342880,Lakeside,CA,California,92040,,
1368080,San Francisco,CA,California,94110,,
1343110,,,,,,
1247417,Honolulu,HI,Hawaii,96822-5913,,
1338583,,,,,,
1297246,Stockton,CA,California,95204,131.0,UNITED STATES
1329755,,,,,,
1338649,,,,,,
1330799,San Leandro,CA,California,94579-2800,,
1294788,Tracy,CA,California,95377,,
1387727,Carmichael,CA,California,95608,,
1384492,,,,,,
1385345,,,,,,
1378325,,,,,,
1406245,Stockton,CA,California,95210,,
1441471,,,,,,
1441473,,,,,,
1434838,Tracy,CA,California,95376-2336,,
1368857,American Canyon,CA,California,94503,,
1400761,,,,,,
1438801,Oakland,CA,California,94619,,
1434173,Newark,CA,California,94560-2165,,
1409038,Fort Bragg,CA,California,95437,,
1441616,Valley Springs,CA,California,95252,,
1406151,,,,,,
1441075,Honolulu,HI,Hawaii,96816,,
1409115,Honolulu,HI,Hawaii,96825,,
1444440,,,,,,
1399364,,,,,,
1362604,Stockton,CA,California,95205,,
1441003,Upland,CA,California,91784,,
1457845,,,,,,
1451695,,,,,,
1341308,Stockton,CA,California,95212,,
1434109,Reno,NV,Nevada,89521-4361,,
1446237,Ipswich,MA,Massachusetts,1938,,
1448010,,,,,,
1441400,Lodi,CA,California,95242-3861,,
1259327,Stockton,CA,California,95205,,
1463989,Nuzha,,,,70.0,KUWAIT
1467467,Merced,CA,California,95348-2137,,
1386740,San Ramon,CA,California,94583,,
1441552,Santa Fe,NM,New Mexico,87507,,
1389888,Las Vegas,NV,Nevada,89113,131.0,UNITED STATES
1383536,Oakley,CA,California,94561-2268,,
1286036,Palos Verdes Estates,CA,California,90274,,
1408802,,,,,,
1436550,South San Francisco,CA,California,94080,,
1358934,Aiea,HI,Hawaii,96701-2833,,
1334318,Stockton,CA,California,95210,,
1426986,,,,,,
1398771,San Rafael,CA,California,94903,,
1430965,,,,,,
1431003,,,,,,
1471877,Lenzburg 5600,,,,121.0,SWITZERLAND
1382733,Hickman,CA,California,95323,,
1434523,Grapevine,TX,Texas,76051,131.0,UNITED STATES
1428102,Seattle,WA,Washington,98118,,
1440083,Taipei,,,100,143.0,TAIWAN
1440103,Granite Bay,CA,California,95746,,
1407817,,,,,,
1436888,,,,,,
1420744,,,,,,
1397634,Pleasanton,CA,California,94588,,
1409952,Pago Pago,AS,American Samoa,96799,259.0,AMERICAN SAMOA
1279485,Riverbank,CA,California,95367-9684,,
1431560,Merced,CA,California,95340,,
1404426,Granite Bay,CA,California,95746,,
1383118,Antelope,CA,California,95843-4580,,
1408813,Livermore,CA,California,94550-2314,,
1423670,Modesto,CA,California,95355,,
1434862,,,,,,
1393552,Chino,CA,California,91710-4675,,
1349903,Boise,ID,Idaho,83702-3505,,
1408910,Hayward,CA,California,94545,,
1359973,,,,,,
1431259,San Francisco,CA,California,94117,,
1370271,Stockton,CA,California,95205,,
1435171,Pinole,CA,California,94564,,
1355850,Honolulu,HI,Hawaii,96812,,
1410007,,,,,,
1427857,San Ramon,CA,California,94583,,
1297798,Kerman,CA,California,93630,,
1363235,,,,,,
1401825,,,,,,
1431082,Stockton,CA,California,95210,,
1434007,Manteca,CA,California,95336-4914,,
1435676,,,,,,
1409204,Sacramento,CA,California,95828-3801,,
1435961,San Jose,CA,California,95121,,
1436000,Chino Hills,CA,California,91709-8006,,
1379338,Lodi,CA,California,95240,,
1436142,,,,,,
1393763,Tracy,CA,California,95377-7075,,
1436950,Hilo,HI,Hawaii,96720,,
1424332,Mercer Island,WA,Washington,98040,,
1437274,,,,,,
1421913,Honolulu,HI,Hawaii,96821-1001,,
1338645,Discovery Bay,CA,California,94505,,
1438348,Fairfield,CA,California,94534,,
1410896,Concord,CA,California,94518,,
1409763,Rancho Cucamonga,CA,California,91730,,
1437067,,,,,,
1348111,Pleasant Hill,CA,California,94523-2341,,
1441266,Irvine,CA,California,92620,,
1430770,Stockton,CA,California,95207-6704,,
1433941,Walnut,CA,California,91789,,
1441381,Taipei  10687,,,,143.0,TAIWAN
1007675,Sacramento,CA,California,95820,,
1422832,Reno,NV,Nevada,89511,,
1432227,Lodi,CA,California,95240-9409,,
1436557,Denver,CO,Colorado,80230,,
1439645,Bozeman,MT,Montana,59718,,
1496264,Newport Beach,CA,California,92660,,
1496185,Martinez,CA,California,94553-6409,,
1496421,Millbrae,CA,California,94030,,
1496526,San Francisco,CA,California,94115,,
1468492,Sacramento,CA,California,95818-2000,,
1496503,Redondo Beach,CA,California,90278-4115,,
1453837,Manteca,CA,California,95337,,
1474389,Modesto,CA,California,95356-0461,,
1363367,,,,,,
1465800,Tracy,CA,California,95376,,
1497609,Stockton,CA,California,95219,,
1454033,Honolulu,HI,Hawaii,96821,,
1507293,"02068 - Kier, Ukraine",,,2068,144.0,UKRAINE
1506498,Domsjo  89250,,,,120.0,SWEDEN
1507743,,,,,,
1492374,,,,,,
1478903,Ping Chang 00324,,,,143.0,TAIWAN
1491415,Stockton,CA,California,95206,,
1488105,,,,,,
1484146,Red Bluff,CA,California,96080,,
1492405,Carson City,NV,Nevada,89703,,
1449813,,,,,,
1478248,Martinez,CA,California,94553,,
1453767,,,,,,
1469205,Clarksburg,CA,California,95612,,
1478006,Mountain View,CA,California,94041-2579,,
1488482,Riverbank,CA,California,95367,,
1477984,,,,,,
1493925,Fremont,CA,California,94539-4815,,
1493967,,,,,,
1474511,Pearl City,HI,Hawaii,96782,,
1477233,,,,,,
1496640,Kailua,HI,Hawaii,96734,,
1444631,Santa Ana,CA,California,92705,,
1492276,Escondido,CA,California,92025,,
1465847,Sacramento,CA,California,95824,,
1453905,,,,,,
1433178,,,,,,
1494797,Albany,CA,California,94706,,
1497422,Rancho Cordova,CA,California,95742,,
1486492,Kansas City,MO,Missouri,64124,,
1465886,Stockton,CA,California,95215,,
1472311,,,,,,
1473142,Antioch,CA,California,94531,,
1497782,Sherman Oaks,CA,California,91403-4335,,
1474493,Elk Grove,CA,California,95758-5122,,
1406379,,,,,,
1474163,,,,,,
1465771,Manteca,CA,California,95337,,
1496475,Oak Park,CA,California,91377,,
1492817,Patterson,CA,California,95363-8754,,
1484111,,,,,,
1488977,Santa Clara,CA,California,95054,,
1455646,Sacramento,CA,California,95864,,
1494968,San Jose,CA,California,95120,,
1299119,San Jose,CA,California,95131,,
1487150,Manteca,CA,California,95336,,
1332820,Pasadena,CA,California,91107,,
1466950,Honolulu,HI,Hawaii,96825,,
1465867,,,,,,
1491860,South San Francisco,CA,California,94080,,
1488036,Modesto,CA,California,95350,,
1409185,Elk Grove,CA,California,95757-1663,,
1488666,,,,,,
1453865,Stockton,CA,California,95219-3518,,
1489778,Hollister,CA,California,95023,,
1464478,Menlo Park,CA,California,94025,,
1491979,San Francisco,CA,California,94116,,
1491982,San Martin,CA,California,95046-0121,,
1492112,,,,,,
1471963,,,,,,
1454552,Corning,CA,California,96021-5062,,
1456220,Vallejo,CA,California,94591-8368,,
1465828,Honolulu,HI,Hawaii,96822,,
1492324,San Rafael,CA,California,94901,,
1487003,,,,,,
1484745,,,,,,
1465901,Ojai,CA,California,93023,,
1492682,Redwood City,CA,California,94061,,
1493328,Modesto,CA,California,95356-2450,,
1493546,Orange,CA,California,92869,,
1464141,Kailua,HI,Hawaii,96734,,
1428842,San Francisco,CA,California,94121,,
1488127,,,,,,
1494217,Hayward,CA,California,94545-4823,,
1449856,Hillsborough,CA,California,94010-5603,,
1503247,Wahiawa,HI,Hawaii,96786,,
1509626,,,,,,
1491890,Kimberly,ID,Idaho,83341,,
1485840,Salwa,,,,70.0,KUWAIT
1473246,,,,,,
1492272,Fremont,CA,California,94538-4350,,
1537408,Davis,CA,California,95616-7524,,
1540180,San Francisco,CA,California,94132-2738,,
1538687,Stockton,CA,California,95206,,
1540216,Sacramento,CA,California,95864,,
1502723,,,,,,
1540276,,,,,,
1540442,Sunnyvale,CA,California,94087,,
1539655,Stockton,CA,California,95205-7148,,
1541676,,,,,,
1363403,Stockton,CA,California,95207-6944,,
1373650,,,,,,
1538064,Honolulu,HI,Hawaii,96825-2126,,
1533522,Walnut Creek,CA,California,94598,,
1544302,,,,,,
1535402,Manteca,CA,California,95336,,
1533013,,,,,,
1531261,Stockton,CA,California,95204,,
1511565,Concord,CA,California,94518,,
1537253,Mead,WA,Washington,99021-8901,,
1510940,Murrieta,CA,California,92563-3264,,
1533363,Woodinville,WA,Washington,98077-8864,,
1508340,Stockton,CA,California,95212,,
1537536,,,,,,
1533517,Stockton,CA,California,95204,,
1500967,,,,,,
1459916,,,,,,
1506364,Mountain View,CA,California,94040,,
1459920,Roseville,CA,California,95661-5968,,
1537917,,,,,,
1538979,,,,,,
1513556,Hercules,CA,California,94547-2620,,
1539248,Honolulu,HI,Hawaii,96813,,
1532014,Honolulu,HI,Hawaii,96822-4441,,
1528782,Irvine,CA,California,92620,,
1431104,Albuquerque,NM,New Mexico,87122,,
1490334,Sacramento,CA,California,95842,,
1532911,Lodi,CA,California,95240,,
1429815,Mountain Ranch,CA,California,95246,,
1540375,848 Ho Chi Minh City,,,,137.0,VIETNAM
1537597,New Taipei City,,,24448,143.0,TAIWAN
1508854,,,,,,
1511052,Oakley,CA,California,94561,,
1532896,Elk Grove,CA,California,95624,,
1534846,Lodi,CA,California,95240,,
1495393,Laguna Niguel,CA,California,92677,,
1531323,,,,,,
1539514,Fresno,CA,California,93722,,
1471711,San Jose,CA,California,95120,,
1459342,Tracy,CA,California,95376,,
1543653,Hemet,CA,California,92544-7603,,
1495601,Stockton,CA,California,95204,,
1473193,San Francisco,CA,California,94134-3175,,
1534592,Santa Clara,CA,California,95050-6848,,
1532810,Woodbridge,CA,California,95258,,
1535653,Stockton,CA,California,95206,,
1532991,Elk Grove,CA,California,95758-4753,,
1535701,Richmond,CA,California,94801,,
1534721,Kailua,HI,Hawaii,96734,,
1502714,,,,,,
1508025,Antelope,CA,California,95843-5903,,
1511454,Stockton,CA,California,95207,,
1545850,Fremont,CA,California,94536,,
1505580,,,,,,
1532174,,,,,,
1534474,Fallbrook,CA,California,92028,,
1537069,,,,,,
1536251,Cupertino,CA,California,950149501,,
1477407,Stockton,CA,California,95207,,
1506561,San Mateo,CA,California,94402-2937,,
1534585,Walnut Creek,CA,California,94598,,
1533315,,,,,,
1509087,,,,,,
1538267,Stockton,CA,California,95207,,
1507168,Stockton,CA,California,95219,,
1533284,Stockton,CA,California,95209,,
1539860,Portland,OR,Oregon,97224,,
1533491,Fort Bragg,CA,California,95437,,
1509363,Stockton,CA,California,95211-0197,,
1539833,Kingsburg,CA,California,93631,,
1539973,,,,,,
1537308,,,,,,
1540009,,,,,,
1536078,,,,,,
1506427,,,,,,
1540019,,,,,,
1539679,,,,,,
1579907,Tracy,CA,California,95377-5384,,
1559613,Stockton,CA,California,95207-6234,,
1563124,,,,,,
1559917,Alamo,CA,California,94507,,
1561571,Stockton,CA,California,95204-3118,,
1547576,Fresno,CA,California,93720,,
1559934,Pine Grove,CA,California,95665-0371,,
1564443,Redding,CA,California,96001-0122,,
1547314,San Jose,CA,California,95131-4002,,
1560887,Fort Worth,TX,Texas,76107,,
1557404,Manteca,CA,California,95337,,
1532448,Elk Grove,CA,California,95758,,
1557838,Ewa Beach,HI,Hawaii,96706-2255,,
1563227,San Jose,CA,California,95121-2205,,
1567277,Walnut Creek,CA,California,94598-2306,,
1569773,Ho Chi Minh City,,,,137.0,VIETNAM
1559264,La Honda,CA,California,94020,,
1565350,Morgan Hill,CA,California,95037-6201,,
1559269,Pearl City,HI,Hawaii,96782-2246,,
1557787,Tracy,CA,California,95376,,
1564590,Fairfield,CA,California,94533-2002,,
1564608,Stockton,CA,California,95207-4721,,
1563439,,,,,,
1460133,Stockton,CA,California,95203,,
1554333,Manteca,CA,California,95336-3260,,
1554357,Clovis,CA,California,93611,,
1554394,Stockton,CA,California,95212,,
1549949,Concord,CA,California,94521,,
1554738,,,,,,
1554759,Tracy,CA,California,95304,,
1554912,Mercer Island,WA,Washington,98040,,
1553635,,,,,,
1532070,Sunnyvale,CA,California,94087,,
1553880,Manteca,CA,California,95366,,
1553963,Sacramento,CA,California,95833,,
1555748,,,,,,
1549013,Stockton,CA,California,95209,,
1561087,Stockton,CA,California,95215-9738,,
1564733,San Jose,CA,California,95130-1023,,
1557052,Lodi,CA,California,95242-9487,,
1555955,Winchester,CA,California,92596,,
1552719,Stockton,CA,California,95207-2152,,
1553398,,,,,,
1544780,Jackson,CA,California,95642,,
1556106,,,,,,
1556123,,,,,,
1460255,Stockton,CA,California,95209-3744,,
1555081,,,,,,
1546811,San Marcos,CA,California,92069-2019,,
1557247,,,,,,
1557487,Stockton,CA,California,95204-1770,,
1555328,Farmington,CA,California,95230,,
1549935,,,,,,
1555565,Stockton,CA,California,95205,,
1558669,Livermore,CA,California,94550-7393,,
1476957,Roseville,CA,California,95678,,
1546703,Medford,OR,Oregon,97501-9697,,
1544818,,,,,,
1558907,Live Oak,CA,California,95953,,
1557387,Sacramento,CA,California,95828-4940,,
1558952,Gilroy,CA,California,95020-3235,,
1549089,San Jose,CA,California,95128,,
1558988,,,,,,
1559612,Stockton,CA,California,95207,,
1548880,Kernville,CA,California,93238-0245,,
1548857,Palo Cedro,CA,California,96073,,
1560372,Fresno,CA,California,93711,,
1560765,Santa Clara,CA,California,95051,,
1560038,Half Moon Bay,CA,California,94019,,
1559770,North Highlands,CA,California,95660,,
1544888,Valley Springs,CA,California,95252,,
1558850,Aromas,CA,California,95004,,
1557662,San Jose,CA,California,95130,,
1505512,,,,,,
1561184,,,,,,
1559731,Danville,CA,California,94526,,
1554456,Aiea,HI,Hawaii,96701,,
1548987,,,,,,
1561987,San Diego,CA,California,92139-3963,,
1562063,Stockton,CA,California,95204-2843,,
1486125,,,,,,
1559596,,,,,,
1562982,,,,,,
1563072,Modesto,CA,California,95355,,
1513093,Pine Grove,CA,California,95665,,
1573247,Fresno,CA,California,93726-4439,,
1573257,Riverbank,CA,California,95367-3127,,
1570435,,,,,,
1561442,Gilroy,CA,California,95020,,
1556762,Irvine,CA,California,92614,,
1561095,Lodi,CA,California,95242,,
1429795,Citrus Heights,CA,California,95621-7309,,
1532763,Stockton,CA,California,95206-6137,,
1557714,,,,,,
1503400,Linden,CA,California,95236-9522,131.0,UNITED STATES
1506667,Encinitas,CA,California,92024,,
1565806,Jackson,CA,California,95642-2604,,
1565867,Valley Springs,CA,California,95252-9179,,
1565874,Chester,CA,California,96020-0367,,
1565886,Issaquah,WA,Washington,98029-7759,,
1534584,San Rafael,CA,California,94913-4382,,
1564389,Tracy,CA,California,95377,,
1521578,San Jose,CA,California,95132-1220,,
1573928,,,,,,
1557599,Riverbank,CA,California,95367-2038,,
1563144,Ahwahnee,CA,California,93601-9567,,
1563180,Vallejo,CA,California,94591-8364,,
1563756,Hayward,CA,California,94541-3380,,
1566518,Los Angeles,CA,California,90043,,
1506681,Turlock,CA,California,95382,,
1566951,Kailua,HI,Hawaii,96734-3461,,
1566969,Torrance,CA,California,90501-4606,,
1567333,Lathrop,CA,California,95330-9629,,
1557207,,,,,,
1570705,Sacramento,CA,California,95816,,
1570381,Lodi,CA,California,95240-6217,,
1570820,Mill Creek,WA,Washington,98012-1302,,
1568031,Ukiah,CA,California,95482,,
1571123,Stockton,CA,California,95219,,
1557045,Palo Alto,CA,California,94303,,
1547423,Cameron Park,CA,California,95682,,
1557867,San Carlos,CA,California,94070-3670,,
1570083,Piedmont,CA,California,94611-4330,,
1567548,San Francisco,CA,California,94116-2419,,
1570312,Modesto,CA,California,95357-0234,,
1570597,,,,,,
1560483,Palmdale,CA,California,93550,,
1568462,,,,,,
1571619,Shanghai 200020,,,,171.0,PR CHINA
1571565,Menlo Park,CA,California,94025,,
1563893,Ripon,CA,California,95366,,
1572791,Manteca,CA,California,95336,,
1572914,El Sobrante,CA,California,94803-3836,,
1460261,Stockton,CA,California,95219-4909,,
1573537,San Lorenzo,CA,California,94580-1405,,
1572115,Honolulu,HI,Hawaii,96814-2265,,
1572319,,,,,,
1568718,Honolulu,HI,Hawaii,96817,,
1571503,Hawthorne,CA,California,90250-0704,,
1573546,Murrieta,CA,California,92563-4008,,
1575909,Modesto,CA,California,95355-5105,,
1594060,San Jose,CA,California,95111-2026,,
1600481,Orangevale,CA,California,95662,,
1602575,Rancho Cordova,CA,California,95670-3742,,
1600503,Rio Linda,CA,California,95673,,
1601648,Stockton,CA,California,95207-6916,,
1604772,San Ramon,CA,California,94582-4290,,
1607015,Tustin,CA,California,92782,,
1596076,Lodi,CA,California,95242-9687,,
1597089,Stockton,CA,California,95205-3312,,
1549078,Stockton,CA,California,95212-3107,,
1597531,San Jose,CA,California,95120,,
1602820,Los Altos Hills,CA,California,94022,,
1589039,Stockton,CA,California,95205-4501,,
1580337,,,,,,
1593757,Stockton,CA,California,95204-3123,,
1607123,,,,,,
1605596,Roseville,CA,California,95661-5949,,
1613527,San Diego,CA,California,92131-3649,,
1597221,Santa Clara,CA,California,95051-1831,,
1596594,Stockton,CA,California,95215-2023,,
1600463,Piedmont,CA,California,94611-3536,,
1602742,Yucaipa,CA,California,92399-2107,,
1567727,Stockton,CA,California,95207-4519,,
1586536,Kerman,CA,California,93630-1225,,
1585619,Oakdale,CA,California,95361,,
1587259,Modesto,CA,California,95358-6737,,
1592887,Tracy,CA,California,95304-9159,,
1600796,,,,,,
1606107,Austin,TX,Texas,78737,,
1588364,Lake Forest,IL,Illinois,60045-2435,,
1596847,San Francisco,CA,California,94134-1628,,
1597339,Stockton,CA,California,95207-2209,,
1594789,Manteca,CA,California,95336,,
1602285,Bellevue,WA,Washington,98004-6512,,
1588874,Los Banos,CA,California,93635-4848,,
1588321,Sacramento,CA,California,95831-4931,,
1590841,Brentwood,CA,California,94513-2859,,
1592855,Manteca,CA,California,95336-3200,,
1591860,Marina,CA,California,93933-2812,,
1594015,Elk Grove,CA,California,95758-4207,,
1595511,Stockton,CA,California,95204-1765,,
1598255,Mission Viejo,CA,California,92691-6605,,
1598448,Santa Rosa,CA,California,95407-6318,,
1597890,,,,,,
1585959,Milpitas,CA,California,95035,,
1580616,Elk Grove,CA,California,95758,,
1599097,Aurora,CO,Colorado,80013-4791,,
1598274,Modesto,CA,California,95355,,
1597109,Roseville,CA,California,95747-6944,,
1594274,Stockton,CA,California,95207,,
1586154,Antioch,CA,California,94531-7436,,
1592418,Pine Grove,CA,California,95665-9727,,
1593565,Lodi,CA,California,95242-3401,,
1604322,Stockton,CA,California,95212-3465,,
1600793,Gold River,CA,California,95670-4520,,
1594587,Foster City,CA,California,94404-3740,,
1597716,Windsor,CA,California,95492-8819,,
1608277,Bakersfield,CA,California,93314-8823,,
1598373,Woodland,CA,California,95695-6027,,
1587227,Citrus Heights,CA,California,95621-3749,,
1592086,Watsonville,CA,California,95076,,
1592827,Del Rey Oaks,CA,California,93940-5519,,
1602871,Salinas,CA,California,93908-1116,,
1605481,Lathrop,CA,California,95330-9758,,
1577596,Fresno,CA,California,93720-0810,,
1594817,Rancho Santa Margarita,CA,California,92688-3107,,
1596510,Bellevue,WA,Washington,98004-2909,,
1585646,,,,,,
1592606,Lancaster,CA,California,93536,,
1600829,,,,,,
1607893,STOCKTON,CA,California,95207,,
1596673,Cameron Park,CA,California,95682,,
1598575,Stockton,CA,California,95212-3522,,
1588400,Tacoma,WA,Washington,98406,,
1590934,Stockton,CA,California,95204-1318,,
1580077,Hollister,CA,California,95023,,
1591027,Stockton,CA,California,95206-6338,,
1591203,Sacramento,CA,California,95827-3737,,
1601257,Bakersfield,CA,California,93314-9307,,
1605040,San Francisco,CA,California,94108,,
1587799,Aiea,HI,Hawaii,96701-2103,,
1576872,Bakersfield,CA,California,93308-6449,,
1592936,Stockton,CA,California,95219-1917,,
1583426,Stockton,CA,California,95212-3816,,
1580614,,,,,,
1600952,Stockton,CA,California,95204-2502,,
1595419,Stockton,CA,California,95206-2360,,
1599291,Sonora,CA,California,95370-9606,,
1585086,,,,,,
1601016,Novato,CA,California,94947-4811,,
1567402,Vacaville,CA,California,95687-4306,,
1578158,Valley Springs,CA,California,95252,,
1590080,Kaneohe,HI,Hawaii,96744-5343,,
1592873,San Jose,CA,California,95122-1513,,
1579120,San Mateo,CA,California,94403-2350,,
1548626,Fresno,CA,California,93727-5417,,
1605390,Corona,CA,California,92882-8916,,
1603392,Brea,CA,California,92821-9107,,
1605608,Torrance,CA,California,90502-1638,,
1606509,Livermore,CA,California,94550-6349,,
1603147,Highland,CA,California,92346-3929,,
1613892,Pinole,CA,California,94564-1015,,
1582196,Lodi,CA,California,95242-2408,,
1596852,El Cerrito,CA,California,94530-1661,,
1594133,Pioneer,CA,California,95666-1254,,
1601167,Omaha,NE,Nebraska,68112,,
1587304,Elk Grove,CA,California,95624-4116,,
1588649,San Jose,CA,California,95135-1245,,
1590390,Pleasanton,CA,California,94566-6975,,
1590429,Saratoga,CA,California,95070-3434,,
1548886,Woodbridge,CA,California,95258-9608,,
1590745,Folsom,CA,California,95630-2118,,
1609832,Santee,CA,California,92071-2217,,
1600511,San Diego,CA,California,92128,,
1606847,,,,,,
1607621,Fairhope,AL,Alabama,36532-6871,,
1614918,Pomona,CA,California,91766,,
1616404,Stockton,CA,California,95212-3107,,
1616393,,,,,,
1597696,San Carlos,CA,California,94070-3672,,
1599545,Pleasant Hill,CA,California,94523-2341,,
1598329,Pleasanton,CA,California,94588-4221,,
1585327,Deer Island,OR,Oregon,97054,,
1585431,Hacienda Heights,CA,California,91745-2019,,
1583286,Lathrop,CA,California,95330-9154,,
1589468,Merced,CA,California,95340-8423,,
1578169,Livermore,CA,California,94550-8691,,
1602381,Sonora,CA,California,95370-9259,,
1604706,,,,,,
1604167,Thousand Oaks,CA,California,91360-6613,,
1606489,Union City,CA,California,94587,,
1608232,Concord,CA,California,94518,,
1595226,Monterey,CA,California,93940-4340,,
1548472,Santa Barbara,CA,California,93105,,
1588784,Sunnyvale,CA,California,94085-4160,,
1590437,Temecula,CA,California,92592,,
1593391,Ceres,CA,California,95307-7408,,
1605022,Exeter,CA,California,93221,,
1605098,Hayward,CA,California,94541,,
1618776,Pomona,CA,California,91766-0921,,
1618782,"La Trinidad, Caracas",,,1080,135.0,VENEZUELA
1588282,Lodi,CA,California,95240-6361,,
1598585,San Francisco,CA,California,94109,,
1596182,Linden,CA,California,95236-9652,,
1602240,,,,,,
1604796,Sutter Creek,CA,California,95685-1169,,
1610582,,,,,,
1610986,Montrose,CA,California,91020-2022,,
1595114,,,,,,
1599340,Stockton,CA,California,95204-3028,,
1589800,Quito,,,170517,35.0,ECUADOR
1592663,El Dorado Hills,CA,California,95762-5530,,
1605335,Stockton,CA,California,95205-5663,,
1594738,Antioch,CA,California,94531-8591,,
1605882,Roseville,CA,California,95678-6954,,
1625931,Stockton,CA,California,95207-4731,,
1620154,Modesto,CA,California,95358-8446,,
1629871,Dasma,,,35154,70.0,KUWAIT
1626275,Stockton,CA,California,95210-3614,,
1634051,Vallejo,CA,California,94591-6882,,
1641244,Pleasant Hill,CA,California,94523-2949,,
1595929,Stockton,CA,California,95212-3463,,
1632828,Santa Barbara,CA,California,93111-1406,,
1649187,Bayan,,,,70.0,KUWAIT
1620201,,,,,,
1606587,,,,,,
1654801,West Covina,CA,California,91791-2654,,
1628759,Spokane,WA,Washington,99223-1856,,
1608834,Denair,CA,California,95316-9640,,
1629722,Las Vegas,NV,Nevada,89149-0165,,
1630113,Tulare,CA,California,93274-4656,,
1620070,Tracy,CA,California,95376-9045,,
1617522,Woodbridge,CA,California,95258-9133,,
1635599,Santa Rosa,CA,California,95403,,
1635653,Ukiah,CA,California,95482-3673,,
1640155,Castro Valley,CA,California,94546-5704,,
1641703,San Carlos,CA,California,94070-3537,,
1637610,,,,,,
1641014,Linden,CA,California,95236,,
1585542,Elk Grove,CA,California,95624-1510,,
1649197,Pittsburgh,PA,Pennsylvania,15219-3311,,
1615520,Placerville,CA,California,95667-4716,,
1608848,Thornton,CO,Colorado,80241-1117,,
1621284,Los Altos,CA,California,94024-3154,,
1631753,San Jose,CA,California,95138,,
1634730,La Mesa,CA,California,91941-6511,,
1629678,Thousand Oaks,CA,California,91362,,
1629689,Stockton,CA,California,95206-3874,,
1619269,Stockton,CA,California,95206-3117,,
1636175,North Hills,CA,California,91343-3016,,
1633989,Honolulu,HI,Hawaii,96825-3229,,
1637296,Millbrae,CA,California,94030,,
1615600,Mokelumne Hill,CA,California,95245-9742,,
1641455,Livermore,CA,California,94550,,
1644146,Murrieta,CA,California,92563-9401,,
1635727,,,,,,
1639386,Stockton,CA,California,95204-1818,,
1645840,Northridge,CA,California,91325-3112,,
1620370,Los Altos,CA,California,94024-4155,,
1631000,Larkspur,CA,California,94939-1936,,
1633890,Stockton,CA,California,95209-2222,,
1617852,Stockton,CA,California,95215-5158,,
1637220,Citrus Heights,CA,California,95621-2057,,
1643588,Kuwait City,,,,70.0,KUWAIT
1625835,Milwaukee,WI,Wisconsin,53207-2738,,
1625070,Stockton,CA,California,95212-3502,,
1615453,Stockton,CA,California,95206-5503,,
1630334,Los Angeles,CA,California,90043-2514,,
1594420,Stockton,CA,California,95207-6732,,
1640277,Los Alamitos,CA,California,90720-5258,,
1634552,Stockton,CA,California,95204-4614,,
1640531,Stockton,CA,California,95209-5039,,
1641582,Tracy,CA,California,95377-8732,,
1640353,Elk Grove,CA,California,95624-9489,,
1623993,Stockton,CA,California,95219,,
1618875,Jaber Al-Ali Area,,,,70.0,KUWAIT
1623460,Orland Park,IL,Illinois,60467-8524,,
1615372,Sacramento,CA,California,95822-2531,,
1635248,Stockton,CA,California,95204-2811,,
1621273,Manteca,CA,California,95337-8976,,
1639920,Stockton,CA,California,95219-6542,,
1621862,,,,,,
1647584,Cupertino,CA,California,95014,,
1639730,Vancouver,WA,Washington,98663-3231,,
1653226,Manteca,CA,California,95336-3939,,
1655894,Brentwood,CA,California,94513-5278,,
1649147,Stockton,CA,California,95203-1213,,
1654815,Alnuzha,,,,70.0,KUWAIT
1588166,Walnut Creek,CA,California,94598-1108,,
1626118,Vacaville,CA,California,95688-2109,,
1634805,Napa,CA,California,94558-4129,,
1630882,Pleasant Hill,CA,California,94523-2666,,
1635320,Elk Grove,CA,California,95758-4467,,
1638766,Los Angeles,CA,California,90034-8529,,
1608791,Manteca,CA,California,95337-6687,,
1646118,San Ramon,CA,California,94582,,
1640234,Laytonville,CA,California,95454-1032,,
1643932,San Diego,CA,California,92108,,
1647441,Stanton,CA,California,90680,,
1650272,Menlow Park,CA,California,94025,,
1644748,San Francisco,CA,California,94110-6130,,
1644099,Los Angeles,CA,California,90064-3252,,
1629921,Santa Rosa,CA,California,95404,,
1643538,San Leandro,CA,California,94577-2510,,
1631049,Lodi,CA,California,95240-7901,,
1627114,Dallas,TX,Texas,75254-7621,,
1620022,Elk Grove,CA,California,95624,,
1634426,Modesto,CA,California,95355-4501,,
1633404,Redwood City,CA,California,94062-3202,,
1643281,Modesto,CA,California,95358-5803,,
1636010,,,,,,
1635544,Fremont,CA,California,94539,,
1631677,Santa Rosa,CA,California,95409-4392,,
1641799,,,,,,
1637005,Anaheim,CA,California,92808-1633,,
1641630,Elk Grove,CA,California,95624-2903,,
1647308,Fresno,CA,California,93705,,
1654656,Westminster,CA,California,92683-7447,,
1626027,Modesto,CA,California,95356-9021,,
1627481,Vacaville,CA,California,95688-4443,,
1634701,San Francisco,CA,California,94134-1207,,
1632004,Lahaina,HI,Hawaii,96761-9319,,
1622766,Bothell,WA,Washington,98021-9624,,
1638220,Fremont,CA,California,94539-6059,,
1617533,Lodi,CA,California,95242,,
1641572,Livermore,CA,California,94551-3995,,
1637895,Winton,CA,California,95388-9395,,
1643040,Sunnyvale,CA,California,94086-8633,,
1631890,Sunnyvale,CA,California,94087-5814,,
1628957,Oakland,CA,California,94611,,
1650065,Santa Clara,CA,California,95051,,
1649192,Alameda,CA,California,94502-7713,,
1649202,Los Angeles,CA,California,90067-3011,,
1657514,Pittsburgh,PA,Pennsylvania,15213-4146,,
1621254,Honolulu,HI,Hawaii,96822-7703,,
1625432,Manteca,CA,California,95336-3339,,
1624003,Tracy,CA,California,95376-2522,,
1619273,Foster City,CA,California,94404-1826,,
1630839,Sebastopol,CA,California,95472,,
1629581,Fountain Valley,CA,California,92708-1152,,
1623572,Yuba City,CA,California,95993-9330,,
1619261,Escondido,CA,California,92025-7809,,
1633583,Oakland,CA,California,94610-4763,,
1633433,Galt,CA,California,95632-3533,,
1619854,,,,,,
1618237,Minden,NV,Nevada,89423-0895,,
1645918,Honolulu,HI,Hawaii,96813,,
1644633,Modesto,CA,California,95350-3328,,
1659294,Union City,CA,California,94587-8000,,
1624995,Hughson,CA,California,95326-9260,,
1631147,Woodland,CA,California,95776-5150,,
1634433,Lodi,CA,California,95242-4752,,
1629797,,,,,,
1629780,Stockton,CA,California,95210-5633,,
1636309,Stockton,CA,California,95212-3057,,
1644210,Kapolei,HI,Hawaii,96707-2315,,
1639452,Oakley,CA,California,94561,,
1617932,Stockton,CA,California,95215-7440,,
1617718,Stockton,CA,California,95209-2136,,
1626867,Stockton,CA,California,95206-4661,,
1635387,Modesto,CA,California,95355-4758,,
1635848,Elk Grove,CA,California,95758-7130,,
1640642,Manteca,CA,California,95337-8569,,
1617543,Stockton,CA,California,95210-2036,,
1653126,Elk Grove,CA,California,95624-2205,,
1648708,Oakdale,CA,California,95361-9560,,
1654924,Las Vegas,NV,Nevada,89129-4881,,
1643186,Morro Bay,CA,California,93442-1423,,
1632564,Roseville,CA,California,95747-6508,,
1629624,,,,,,
1629636,Granite Bay,CA,California,95746-9548,,
1619321,Hillsboro,OR,Oregon,97124-7645,,
1615176,Rohnert Park,CA,California,94927-3055,,
1629578,Lodi,CA,California,95240-9740,,
1615188,Portland,OR,Oregon,97225-4713,,
1636293,San Francisco,CA,California,94121-1815,,
1642435,,,,,,
1649442,Stockton,CA,California,95204-3150,,
1646285,Reno,NV,Nevada,89503,,
1641625,San Francisco,CA,California,94118-3508,,
1631090,Stockton,CA,California,95209-4559,,
1634335,,,,,,
1637245,Gardena,CA,California,90247-4724,,
1643458,Rowland Heights,CA,California,91748-4949,,
1647607,,,,,,
1671519,Ceres,CA,California,95307-9673,,
1661944,Pleasanton,CA,California,94566-8612,,
1671912,Galt,CA,California,95632-2300,,
1667480,Fremont,CA,California,94555-1261,,
1674214,Waipahu,HI,Hawaii,96797-5261,,
1680033,Folsom,CA,California,95630-8054,,
1672641,Stockton,CA,California,95212-3411,,
1667040,Oakdale,CA,California,95361-8274,,
1664743,Oviedo,FL,Florida,32765-5115,,
1674277,Fairfield,CA,California,94534-2912,,
1659261,Walnut Creek,CA,California,94598-3330,,
1672513,Stockton,CA,California,95219-1838,,
1684803,Folsom,CA,California,95630-5234,,
1690463,,,,,,
1693672,Kaneohe,HI,Hawaii,96744-3997,,
1676465,Stockton,CA,California,95206,,
1675177,Bakersfield,CA,California,93314-5414,,
1663089,Solana Beach,CA,California,92075-1618,,
1674413,Manteca,CA,California,95336-4119,,
1680382,Oak Park,CA,California,91377-4774,,
1676951,Irvine,CA,California,92619-3095,,
1682441,Saratoga,CA,California,95070,,
1677745,Manteca,CA,California,95336-8540,,
1680093,Gurabo,PR,Puerto Rico,00778-9681,,
1692262,Fremont,CA,California,94539-7236,,
1635946,American Canyon,CA,California,94503-3086,,
1668785,Mokelumne Hill,CA,California,95245-0800,,
1666951,Alta Loma,CA,California,91737-1776,,
1672534,,,,,,
1681357,Claremont,CA,California,91711-2927,,
1677861,Lathrop,CA,California,95330-9074,,
1674112,Cupertino,CA,California,95014-3660,,
1691487,Cupertino,CA,California,95014,,
1693724,Novato,CA,California,94949-5309,,
1693603,,,,,,
1701046,Walnut Creek,CA,California,94598,,
1668774,Stockton,CA,California,95210-6635,,
1668011,Lancaster,CA,California,93536-4667,,
1668819,Dixon,CA,California,95620-3246,,
1678003,Stockton,CA,California,95212-3212,,
1663377,Manteca,CA,California,95337-7800,,
1679013,Watsonville,CA,California,95076-2934,,
1685192,Willows,CA,California,95988,,
1689027,Lancaster,CA,California,93536-9141,,
1693136,Stockton,CA,California,95207-4532,,
1688027,Sunnyvale,CA,California,94086-6334,,
1698772,Stockton,CA,California,95209-1568,,
1702655,San Francisco,CA,California,94118-2405,,
1681086,Moreno Valley,CA,California,92553-7550,131.0,UNITED STATES
1667261,,,,,,
1665884,Stockton,CA,California,95219-4934,,
1656241,Auburn,CA,California,95603-9457,,
1659506,Elk Grove,CA,California,95757-4332,,
1680379,Wilton,CA,California,95693,,
1677911,Manteca,CA,California,95337-8615,,
1677421,Stockton,CA,California,95210-3259,,
1618224,Nevada City,CA,California,95959-9140,,
1681817,Rosemead,CA,California,91770-3779,,
1688964,Stockton,CA,California,95207-1718,,
1671915,Belmont,CA,California,94002-3015,,
1660896,San Francisco,CA,California,94112-2229,,
1694919,San Francisco,CA,California,94132-1627,,
1693919,Fremont,CA,California,94539-6655,,
1694093,Livermore,CA,California,94551,,
1703576,32366 2638 Dammam,,,,111.0,SAUDI ARABIA
1666411,Riyadh,,,,111.0,SAUDI ARABIA
1700316,Saratoga,CA,California,95070-6506,,
1671625,Stockton,CA,California,95206-5535,,
1671668,Stockton,CA,California,95204-4021,,
1661601,Kailua,HI,Hawaii,96734-4265,,
1693773,Diamond Bar,CA,California,91789-3301,,
1702821,,,,,,
1675889,Livermore,CA,California,94550-0801,,
1679012,Stockton,CA,California,95207-4552,,
1683914,Elk Grove,CA,California,95624-3846,,
1691856,"Wuxi,Jiangsu, 214063",,,,171.0,PR CHINA
1666013,Aurora,CO,Colorado,80015-3174,,
1672330,Rocklin,CA,California,95677-4769,,
1667201,Stockton,CA,California,95210-4438,,
1674069,Pine Grove,CA,California,95665-9695,,
1658431,Union City,CA,California,94587-4100,,
1677230,Novato,CA,California,94947-1925,,
1680918,Kaohsiung,,,80341,143.0,TAIWAN
1685552,San Rafael,CA,California,94903-1056,,
1686725,Stockton,CA,California,95210-3128,,
1686050,Jabriya,,,46300,70.0,KUWAIT
1690449,Orange,CA,California,92867-1693,,
1680121,Manteca,CA,California,95336-8438,,
1654894,Allston,MA,Massachusetts,02134-1762,,
1702112,Sacramento,CA,California,95821-5510,,
1701194,Roseville,CA,California,95747-6727,,
1699423,Folsom,CA,California,95630-1919,,
1673742,San Jose,CA,California,95124-3718,,
1676479,Fort Bragg,CA,California,95437-1604,,
1663363,Milpitas,CA,California,95035-7525,,
1693392,Irvine,CA,California,92602-1095,,
1687267,Fremont,CA,California,94539-3305,,
1700496,Morgan Hill,CA,California,95037-5802,,
1701047,Sacramento,CA,California,95821-5510,,
1673498,Stockton,CA,California,95204-2019,,
1678975,Sebastopol,CA,California,95472-4609,,
1681309,Corona,CA,California,92883-6251,,
1687909,Tracy,CA,California,95304-9504,,
1687504,Ann Arbor,MI,Michigan,48108-1328,,
1693536,Honolulu,HI,Hawaii,96817-1366,,
1684637,Castro Valley,CA,California,94552-5523,,
1693256,Union City,CA,California,94587,,
1703136,Citrus Heights,CA,California,95610-4540,,
1700800,San Diego,CA,California,92119-1824,,
1669901,Valley Springs,CA,California,95252-9130,,
1669647,Modesto,CA,California,95350-6107,,
1660780,Stockton,CA,California,95205-3741,,
1673703,Edwards,CO,Colorado,81632-0316,,
1671805,Katy,TX,Texas,77450-8508,,
1663090,Solana Beach,CA,California,92075-1618,,
1677484,Roseville,CA,California,95747-4613,,
1677386,Stockton,CA,California,95202-2241,,
1677392,Lodi,CA,California,95240,,
1672972,,,,,,
1690451,Pacific Palisades,CA,California,90272-2546,,
1690452,Stockton,CA,California,95210-5610,,
1703319,Elk Grove,CA,California,95758-4107,,
1655998,Orangevale,CA,California,95662-3523,,
1672462,Poway,CA,California,92064-2704,,
1673784,Jackson,CA,California,95642-9747,,
1621662,Manteca,CA,California,95336,,
1672953,Issaquah,WA,Washington,98027-9366,,
1661811,Santa Cruz,CA,California,95060-4949,,
1679433,Panorama City,CA,California,91402-6281,,
1687788,San Lorenzo,CA,California,94580,,
1699250,Modesto,CA,California,95351,,
1693040,Eugene,OR,Oregon,97403-1636,,
1683859,Ukiah,CA,California,95482-3670,,
1694247,Grass Valley,CA,California,95945-8637,,
1704066,,,,,,
1669413,Bakersfield,CA,California,93306-3516,,
1666273,Colorado Springs,CO,Colorado,80906-8630,,
1661514,Lafayette,CA,California,94549-5514,,
1660872,Lodi,CA,California,95240-7807,,
1675227,Manteca,CA,California,95336-2549,,
1675536,Apple Valley,CA,California,92308-5139,,
1676242,Stockton,CA,California,95206,131.0,UNITED STATES
1678056,Modesto,CA,California,95356-9143,,
1669994,Sacramento,CA,California,95831,,
1660675,Stockton,CA,California,95203-2223,,
1664254,Parker,CO,Colorado,80134,,
1671868,San Jose,CA,California,95132-3012,,
1678940,Tustin,CA,California,92780-3311,,
1679284,,,,,,
1686281,Seal Beach,CA,California,90740-5748,,
1670837,Holt,CA,California,95234-0021,,
1661614,Manteca,CA,California,95336-3260,,
1666837,Stockton,CA,California,95206-6061,,
1667173,Riverside,CA,California,92508-9169,,
1673889,San Carlos,CA,California,94070-3217,,
1675408,Livermore,CA,California,94550-5645,,
1674193,Merced,CA,California,95340-0727,,
1661805,Stockton,CA,California,95204-2933,,
1684005,Los Altos,CA,California,94022-3747,,
1702950,San Diego,CA,California,92104,,
1735535,Stockton,CA,California,95209-1780,,
1733913,Pleasanton,CA,California,94566-5315,,
1720043,Manteca,CA,California,95337-6847,,
1728229,Honolulu,HI,Hawaii,96822-2112,,
1727554,Antioch,CA,California,94531-8650,,
1717393,Stockton,CA,California,95204-1234,,
1736490,Monrovia,CA,California,91016-2802,,
1746147,Beijing,,,100176,171.0,PR CHINA
1719769,Santa Clara,CA,California,95050-5707,,
1718138,Dove Canyon,CA,California,92679-3701,,
1719275,Elk Grove,CA,California,95759-2437,,
1717667,Melbourne 3030,,,,6.0,AUSTRALIA
1726007,San Jose,CA,California,95136-1224,,
1719412,Murrieta,CA,California,92562,,
1727141,Corona,CA,California,92880-8534,,
1729649,San Francisco,CA,California,94109-3278,,
1701829,Fort Worth,TX,Texas,76119-1843,,
1712788,San Diego,CA,California,92103-6032,,
1715598,Waianae,HI,Hawaii,96792-4137,,
1718812,Bell Canyon,CA,California,91307-1006,,
1725990,Sonoma,CA,California,95476-3386,,
1725826,Oakland,CA,California,94605-1408,,
1730824,Los Gatos,CA,California,95033-8293,,
1735045,San Francisco,CA,California,94116-1202,,
1712430,West Linn,OR,Oregon,97068-9423,,
1736527,La Honda,CA,California,94020,,
1738794,San Leandro,CA,California,94579-1020,,
1744478,Berkeley,CA,California,94705-1106,,
1713423,Westlake Village,CA,California,91361,,
1716216,Lodi,CA,California,95240-5904,,
1723085,Vista,CA,California,92081-8811,,
1726824,Stockton,CA,California,95212-3521,,
1730262,Stockton,CA,California,95215-7547,,
1714791,Stockton,CA,California,95219-2505,,
1712962,Dixon,CA,California,95620-3218,,
1706431,Sacramento,CA,California,95829-1179,,
1725707,San Francisco,CA,California,94122-4538,,
1718330,San Jose,CA,California,95120-2011,,
1725508,Jamestown,CA,California,95327,,
1726738,Perris,CA,California,92571-7341,,
1701781,Galt,CA,California,95632-9006,,
1730740,Kailua,HI,Hawaii,96734-4154,,
1736310,Stockton,CA,California,95212,,
1738213,San Diego,CA,California,92129-2115,,
1738840,San Jose,CA,California,95120-5534,,
1747839,Hangzhou,,,310012,171.0,PR CHINA
1713363,Carmichael,CA,California,95608-1380,,
1702669,Modesto,CA,California,95350-3780,,
1722595,Stockton,CA,California,95204,,
1716713,San Ramon,CA,California,94583-5247,,
1733326,San Ramon,CA,California,94583-3505,,
1733467,Stockton,CA,California,95206-6414,,
1735942,Newbury Park,CA,California,91320-3740,,
1737671,Chatsworth,CA,California,91311-2540,,
1719879,San Diego,CA,California,92129-4521,,
1717573,Oceanside,CA,California,92056-6663,,
1701853,Sacramento,CA,California,95829-6559,,
1702005,Ceres,CA,California,95307-7167,,
1728053,Millbrae,CA,California,94030-1031,,
1731491,East Palo Alto,CA,California,94303-2439,,
1679642,Stockton,CA,California,95206-2366,,
1739039,Kowloon,,,,227.0,HONG KONG
1743292,Gilbert,AZ,Arizona,85234-5898,,
1721483,Castro Valley,CA,California,94552-1920,,
1716409,Fremont,CA,California,94555-2319,,
1722756,Lodi,CA,California,95242-4116,,
1714871,Honolulu,HI,Hawaii,96821-1956,,
1723546,Carmichael,CA,California,95608-1123,,
1727655,Stockton,CA,California,95219-2516,,
1730074,Fremont,CA,California,94536-7923,,
1731277,Stockton,CA,California,95202-1318,,
1731647,Sacramento,CA,California,95829-1624,,
1727055,San Jose,CA,California,95132-2340,,
1733084,Antelope,CA,California,95843-5731,,
1733352,Sacramento,CA,California,95819-4419,,
1732077,San Jose,CA,California,95124,,
1716731,Brentwood,CA,California,94513-1938,,
1712832,Tracy,CA,California,95304-9419,,
1719867,Las Vegas,NV,Nevada,89120-3126,,
1725682,Elk Grove,CA,California,95758,,
1726290,Rohnert Park,CA,California,94928-3337,,
1726596,Bakersfield,CA,California,93312-6703,,
1719214,Elk Grove,CA,California,95624-1280,,
1723152,San Leandro,CA,California,94577-1949,,
1725334,Redondo Beach,CA,California,90277-6108,,
1722616,Lathrop,CA,California,95330,,
1729441,Honolulu,HI,Hawaii,96816-4248,,
1729803,Woodland,CA,California,95776-5434,,
1728163,Fresno,CA,California,93711-7022,,
1728547,Petaluma,CA,California,94954-5455,,
1703315,Nampa,ID,Idaho,83687-9247,,
1721326,Clovis,CA,California,93611-7004,,
1723394,Riverside,CA,California,92506-5106,,
1724004,Shingle Springs,CA,California,95682-8743,,
1720650,Woodland Hills,CA,California,91367-4212,,
1731594,Manteca,CA,California,95337-6748,,
1734877,Monrovia,CA,California,91016-1521,,
1734297,Marysville,CA,California,95901-9597,,
1704773,Emeryville,CA,California,94608,,
1739178,Beaulieu sur loire,,,,41.0,FRANCE
1748672,Stockton,CA,California,95209-2655,,
1712441,Sacramento,CA,California,95832-1158,,
1724538,Stockton,CA,California,95207-2359,,
1715824,Livermore,CA,California,94550-6174,,
1717506,Stockton,CA,California,95219-3557,,
1723988,Stockton,CA,California,95212-3112,,
1726041,Elk Grove,CA,California,95758,,
1727329,Lodi,CA,California,95240-7840,,
1727332,Santa Monica,CA,California,90403-3303,,
1728277,Ventura,CA,California,93003-0387,,
1729119,San Francisco,CA,California,94131-2847,,
1728834,San Jose,CA,California,95120-1919,,
1733267,Petaluma,CA,California,94952-4093,,
1730304,Honolulu,HI,Hawaii,96822-1498,,
1738755,Novato,CA,California,94947-2040,,
1730638,Union City,CA,California,94587-1537,,
1738708,Berkeley,CA,California,94707-2020,,
1738191,Hayward,CA,California,94542-7934,,
1717906,Stockton,CA,California,95209-4366,,
1723426,Stockton,CA,California,95219-2446,,
1722442,Vallejo,CA,California,94591-7139,,
1702039,Galt,CA,California,95632-3526,,
1661954,Cherry Valley,CA,California,92223-4970,,
1738012,Seattle,WA,Washington,98121-5108,,
1734140,Canoga Park,CA,California,91304-2635,,
1736577,Milpitas,CA,California,95035-4621,,
1745574,Niles,IL,Illinois,60714-2947,,
1740377,South San Francisco,CA,California,94080-5357,,
1712141,Honolulu,HI,Hawaii,96821-1602,,
1706942,Anaheim,CA,California,92804-5361,,
1722205,Sierra Madre,CA,California,91024-2609,,
1735204,Los Angeles,CA,California,90004-1107,,
1734957,Sandy,UT,Utah,84093-6546,,
1737961,Union City,CA,California,94587-5448,,
1728602,Millbrae,CA,California,94030-2027,,
1711952,Stockton,CA,California,95209-1193,,
1713668,Lodi,CA,California,95240-7220,,
1717341,Gilbert,AZ,Arizona,85296-2849,,
1715720,Placerville,CA,California,95667-7711,,
1715739,Clarksburg,CA,California,95612-0126,,
1704438,Escalon,CA,California,95320-1625,,
1721958,Newcastle,CA,California,95658-9416,,
1725297,Rocklin,CA,California,95677-4467,,
1722541,Sacramento,CA,California,95811,,
1757324,Stockton,CA,California,95210-6763,,
1745287,Claremont,CA,California,91711-1541,,
1763403,Lodi,CA,California,95240-7818,,
1763536,Elk Grove,CA,California,95624-3874,,
1747563,La Habra,CA,California,90631-7311,,
1765309,Stockton,CA,California,95209-1720,,
1767587,Santa Ana,CA,California,92705-7404,,
1770132,,,,,,
1768440,Lynnwood,WA,Washington,98087-2127,,
1768567,Davis,CA,California,95618-6421,,
1781184,Santa Maria,CA,California,93455-3066,,
1758577,Stockton,CA,California,95219-7190,,
1762338,Wilmington,DE,Delaware,19808,,
1760571,Fremont,CA,California,94539-3720,,
1766772,Altadena,CA,California,91001,,
1773087,Redwood City,CA,California,94063-2316,,
1773873,Millbrae,CA,California,94030-1550,,
1779528,Kahului,HI,Hawaii,96732-2837,,
1755338,Antioch,CA,California,94531-8200,,
1759760,Aliso Viejo,CA,California,92656-8057,,
1763497,Mountain House,CA,California,95391-1429,,
1765488,Lodi,CA,California,95242,,
1762791,Placerville,CA,California,95667-8689,,
1778068,Manteca,CA,California,95337-8722,,
1764835,Yuba City,CA,California,95993-5176,,
1764538,Sacramento,CA,California,95842-1546,,
1761668,Vista,CA,California,92081-6808,,
1769527,San Diego,CA,California,92122,,
1770792,San Jose,CA,California,95133,,
1770841,Clanton,AL,Alabama,35046-4206,,
1775494,San Francisco,CA,California,94121-3511,,
1766626,Stockton,CA,California,95206-2885,,
1757081,,,,,,
1757955,Pleasanton,CA,California,94566-2500,,
1758861,Hayward,CA,California,94545-3139,,
1757493,Stockton,CA,California,95219-3143,,
1762189,Turlock,CA,California,95382-7462,,
1762516,Roseville,CA,California,95747-6205,,
1764564,Santa Clara,CA,California,95050-4043,,
1762924,Auburn,WA,Washington,98092-8453,,
1761395,Stockton,CA,California,95206-6351,,
1771169,Valencia,CA,California,91355,,
1773316,San Mateo,CA,California,94403-5048,,
1778791,Mission Viejo,CA,California,92691-1212,,
1782100,Oxnard,CA,California,93030-7273,,
1781568,Manteca,CA,California,95337-8581,,
1757771,Pleasanton,CA,California,94566-8620,,
1759910,Portland,OR,Oregon,97229-5146,,
1761726,Yuba City,CA,California,95991-8245,,
1764625,Hidden Valley Lake,CA,California,95467-8142,,
1765385,Denver,CO,Colorado,80237-1135,,
1768491,Stockton,CA,California,95204-3155,,
1766871,Stockton,CA,California,95209-3746,,
1764901,Fremont,CA,California,94536-5967,,
1763752,Linden,CA,California,95236-9301,,
1773745,Shenzhen,,,518040,171.0,PR CHINA
1755191,Yucca Valley,CA,California,92284-4417,,
1756460,Merced,CA,California,95340-8378,,
1757854,Orange,CA,California,92868-5885,,
1763637,Hertfordshire,,,WD3 5BX,186.0,ENGLAND
1761405,Lodi,CA,California,95242-2863,,
1763769,Stockton,CA,California,95215-1814,,
1762105,Lodi,CA,California,95242-4803,,
1763271,Elk Grove,CA,California,95757-3400,,
1764761,Elk Grove,CA,California,95624,,
1771361,Lathrop,CA,California,95330-8748,,
1770956,West Sacramento,CA,California,95691-4623,,
1757951,El Dorado Hills,CA,California,95762,,
1766852,Tracy,CA,California,95304-9327,,
1758756,Sacramento,CA,California,95831-3830,,
1757960,Stockton,CA,California,95207-4721,,
1758543,Murrieta,CA,California,92562-4800,,
1712120,Stockton,CA,California,95204-1109,,
1764773,Los Banos,CA,California,93635,,
1771036,Stockton,CA,California,95210-6749,,
1761162,,,,,,
1759399,Yuba City,CA,California,95991-8232,,
1773676,Elk Grove,CA,California,95758-4101,,
1762433,Livermore,CA,California,94550-6570,,
1758877,San Ramon,CA,California,94583-5362,,
1756331,Stockton,CA,California,95206,,
1760463,Salida,CA,California,95368,,
1758574,Manteca,CA,California,95336-2915,,
1761203,Bradenton,FL,Florida,34212-9304,,
1763547,Rancho Palos Verdes,CA,California,90275,,
1766649,Arcadia,CA,California,91007-6837,,
1771450,Newport Beach,CA,California,92660-3840,,
1768577,Anaheim,CA,California,92804-4563,,
1758065,Ontario,CA,California,91761-7040,,
1776057,Clayton,CA,California,94517-1332,,
1776129,Tracy,CA,California,95391-3048,,
1763212,Kirkland,WA,Washington,98033-8448,,
1742219,Turlock,CA,California,95382-7238,,
1769233,Monterey,CA,California,93940-7635,,
1758423,San Jose,CA,California,95123-2265,,
1769995,Atwater,CA,California,95301-2804,,
1767123,Pittsburg,CA,California,94565-7343,,
1773122,Loomis,CA,California,95650-8506,,
1769021,Palos Verdes Peninsu,CA,California,90274-3942,,
1785106,Jeddah,,,22341-2794,111.0,SAUDI ARABIA
1757413,Alameda,CA,California,94502-6944,,
1756935,Modesto,CA,California,95355-7862,,
1756204,Atascadero,CA,California,93422-3932,,
1763680,Spokane,WA,Washington,99203-3444,,
1764486,Stockton,CA,California,95204-2966,,
1765230,Stockton,CA,California,95207-4724,,
1769994,Fremont,CA,California,94539-7751,,
1775434,Escalon,CA,California,95320-1873,,
1781714,Elk Grove,CA,California,95757-4009,,
1772291,Fremont,CA,California,94539-3047,,
1759709,Galt,CA,California,95632-8849,,
1758442,Cupertino,CA,California,95014-2011,,
1770773,Stockton,CA,California,95219-3154,,
1766983,San Francisco,CA,California,94124-3014,,
1757659,Stockton,CA,California,95209-3800,,
1765040,Duvall,WA,Washington,98019-8549,,
1765767,Castro Valley,CA,California,94552-5421,,
1763052,Cupertino,CA,California,95014-4800,,
1656892,Lodi,CA,California,95240,,
1773855,Morgan Hill,CA,California,95037-2960,,
1745852,Covina,CA,California,91722-1208,,
1755249,Roseville,CA,California,95747-7547,,
1763047,Stockton,CA,California,95219-7279,,
1762817,Elk Grove,CA,California,95758-1319,,
1771834,Lodi,CA,California,95242-4720,,
1769199,Meadow Vista,CA,California,95722-9709,,
1767912,Manteca,CA,California,95336-2703,,
1772306,Arcadia,CA,California,91007-7952,,
1764839,Sacramento,CA,California,95834-2615,,
1759970,Sacramento,CA,California,95842-2304,,
1765249,Diamond Bar,CA,California,91765-3407,,
1770373,Elk Grove,CA,California,95624-4803,,
1769979,Sacramento,CA,California,95833-9628,,
1782303,Elk Grove,CA,California,95758-6065,,
1783130,Sacramento,CA,California,95823-5756,,
1795544,Modesto,CA,California,95355-1707,,
1791722,Valley Springs,CA,California,95252-8972,,
1798939,Walnut,CA,California,91789-1254,,
1801345,Newark,CA,California,94560-3214,,
1801395,Fremont,CA,California,94539-3046,,
1800831,San Jose,CA,California,95111-2672,,
1798457,South San Francisco,CA,California,94080-2857,,
1805231,Dublin,CA,California,94568-2659,,
1805130,Fremont,CA,California,94539-7752,,
1784420,Lodi,CA,California,95240-3306,,
1811436,Tracy,CA,California,95377-8974,,
1805993,Carson,CA,California,90745,,
1809423,Lathrop,CA,California,95330-8560,,
1806731,San Jose,CA,California,95121-3230,,
1806826,West Covina,CA,California,91792-2201,,
1808073,Albany,OR,Oregon,97321-1656,,
1798427,Stockton,CA,California,95209-2324,,
1800621,Hayward,CA,California,94542,,
1797153,Pleasant Hill,CA,California,94523-1848,,
1805805,Palo Alto,CA,California,94303-2914,,
1806886,San Jose,CA,California,95129-2923,,
1808736,Pasadena,CA,California,91103-2026,,
1785303,Stockton,CA,California,95206-2410,,
1796719,Alameda,CA,California,94501-3048,,
1800211,Stockton,CA,California,95212-3022,,
1808094,San Diego,CA,California,92130-2796,,
1808100,Stockton,CA,California,95204-1718,,
1789721,Oakland,CA,California,94619-3320,,
1791631,Dublin,CA,California,94568,,
1797293,Kendall Park,NJ,New Jersey,08824-1635,,
1800175,Chico,CA,California,95928-4039,,
1799094,Culver City,CA,California,90230-8039,,
1810729,Wuhan,,,430070,171.0,PR CHINA
1806464,Ripon,CA,California,95366-2619,,
1806098,El Cerrito,CA,California,94530-2613,,
1809138,Lynnwood,WA,Washington,98087-1801,,
1806855,Lake Forest,CA,California,92630-6066,,
1800265,Camarillo,CA,California,93010-7485,,
1801004,Saratoga,CA,California,95070-4837,,
1808749,Pleasanton,CA,California,94566-8639,,
1790802,San Ramon,CA,California,94583-5239,,
1793207,Hughson,CA,California,95326-8912,,
1789617,Burley,ID,Idaho,83318,,
1793833,Stockton,CA,California,95204-3121,,
1799405,Ceres,CA,California,95307-7110,,
1809294,Los Angeles,CA,California,90028-7248,,
1810356,Folsom,CA,California,95630-7325,,
1814668,Turlock,CA,California,95382-9765,,
1796674,Fair Oaks,CA,California,95628-4517,,
1794802,Patterson,CA,California,95363-8724,,
1802543,Rowland Heights,CA,California,91748-4886,,
1810421,Brighton,MA,Massachusetts,02135-7709,,
1785623,Stockton,CA,California,95207-3531,,
1795114,Glendora,CA,California,91740-4813,,
1785825,Spokane,WA,Washington,99218-2935,,
1797197,Stockton,CA,California,95207,,
1799006,Ripon,CA,California,95366-2610,,
1810280,Turlock,CA,California,95382-9216,,
1801905,Bakersfield,CA,California,93311-1551,,
1781325,Escalon,CA,California,95320-1581,,
1806211,Petaling Jaya,,,47800,80.0,MALAYSIA
1809421,TOPANGA,CA,California,90290,,
1810202,Fremont,CA,California,94539-5024,,
1807718,Salida,CA,California,95368-9261,,
1785609,Stockton,CA,California,95206-3845,,
1774083,Manteca,CA,California,95337,,
1784690,Stockton,CA,California,95202-2860,,
1801673,Lomita,CA,California,90717-3500,,
1796316,Discovery Bay,CA,California,94505-9217,,
1795511,Stockton,CA,California,95219-7170,,
1782352,Manteca,CA,California,95336-2829,,
1798978,Oak Park,CA,California,91377-5829,,
1803932,Flower Mound,TX,Texas,75022-5177,,
1801430,San Gabriel,CA,California,91775,,
1809983,Sacramento,CA,California,95831-4307,,
1808577,Stockton,CA,California,95212-3050,,
1806899,Riverside,CA,California,92504-4261,,
1813280,Sacramento,CA,California,95831-5130,,
1798655,Stockton,CA,California,95219-2508,,
1788387,Stockton,CA,California,95206-6061,,
1794300,Escalon,CA,California,95320-9422,,
1794387,Quito/Pichincha,,,170179,35.0,ECUADOR
1782305,Merced,CA,California,95340-9127,,
1796707,Clovis,CA,California,93611-0635,,
1787436,Manteca,CA,California,95336-7015,,
1802168,Lathrop,CA,California,95330-8746,,
1800642,San Francisco,CA,California,94122-3132,,
1801770,Alameda,CA,California,94502-6421,,
1804754,Elk Grove,CA,California,95624-3585,,
1805530,Manteca,CA,California,95336-3052,,
1814678,Placerville,CA,California,95667-3125,,
1790702,Saratoga,CA,California,95070-3307,,
1791639,Stockton,CA,California,95207-4019,,
1803057,Cupertino,CA,California,95014-7614,,
1797215,Ramona,CA,California,92065-3705,,
1799833,Elk Grove,CA,California,95758-4835,,
1797928,San Carlos,CA,California,94070-3672,,
1807300,San Carlos,CA,California,94070-1832,,
1789639,Bakersfield,CA,California,93308-6618,,
1795485,Stockton,CA,California,95209-2246,,
1800088,Marina,CA,California,93933,,
1806625,Sacramento,CA,California,95864-2826,,
1802506,Stockton,CA,California,95207-8215,,
1808288,Portland,OR,Oregon,97210-2155,,
1807264,San Francisco,CA,California,94118-3104,,
1798391,Lathrop,CA,California,95330-8815,,
1795962,Tracy,CA,California,95377-7969,,
1801572,San Ramon,CA,California,94582-5948,,
1809438,Palo Alto,CA,California,94301-3134,,
1814500,South San Francisco,CA,California,94080-5622,,
1814704,Stockton,CA,California,95212-3051,,
1782239,,,,,,
1796602,Modesto,CA,California,95356-9529,,
1796675,San Jose,CA,California,95139-1152,,
1800579,Stockton,CA,California,95203,,
1801010,Bakersfield,CA,California,93312-1801,,
1787064,Manteca,CA,California,95337-6695,,
1809316,West Hills,CA,California,91307-1721,,
1810457,Stockton,CA,California,95212-2721,,
1800047,Davis,CA,California,95616-9456,,
1794753,Irvine,CA,California,92618-6902,,
1778702,Manteca,CA,California,95336-8338,,
1792276,Stockton,CA,California,95204-1749,,
1787416,Stockton,CA,California,95206-5230,,
1796572,Waialua,HI,Hawaii,96791-9601,,
1797012,Vallejo,CA,California,94591-7129,,
1802570,Daly City,CA,California,94015-4084,,
1807548,Seattle,WA,Washington,98118-6106,,
1810398,Redmond,WA,Washington,98052-8687,,
1814028,Tracy,CA,California,95377-8534,,
1824932,Cupertino,CA,California,95014-4802,,
1825304,Stockton,CA,California,95219-6514,,
1825284,Saratoga,CA,California,95070-3434,,
1825603,Stockton,CA,California,95210-2040,,
1832753,Pleasanton,CA,California,94566,,
1830252,Oakland,CA,California,94618-1818,,
1826605,Stockton,CA,California,95209-1642,,
1826607,Sammamish,WA,Washington,98075-7911,,
1826608,Mercer Island,WA,Washington,98040-2110,,
1834127,Newark,CA,California,94560-4546,,
1828289,Diamond Springs,CA,California,95619-9731,,
1825109,Los Altos,CA,California,94022-1112,,
1823972,San Jose,CA,California,95130-1844,,
1828916,Tracy,CA,California,95377-8753,,
1832613,San Jose,CA,California,95138-2438,,
1826728,Vacaville,CA,California,95688-9546,,
1824675,Los Altos,CA,California,94022-1112,,
1826993,Fremont,CA,California,94555-2975,,
1825008,San Jose,CA,California,95136-1224,,
1827438,Stockton,CA,California,95207-7714,,
1825509,Foster City,CA,California,94404-3741,,
1832527,Stockton,CA,California,95206-4607,,
1828143,Stockton,CA,California,95207-3815,,
1824855,Stockton,CA,California,95206-6410,,
1823897,Arroyo Grande,CA,California,93420-5550,,
1830671,Los Angeles,CA,California,90077-2028,,
1826741,Coarsegold,CA,California,93614,,
1826789,Fremont,CA,California,94539-8331,,
1823975,Honolulu,HI,Hawaii,96813,,
1823967,Pebble Beach,CA,California,93953,,
1824452,Sacramento,CA,California,95831-1066,,
1831972,Fountain Valley,CA,California,92708-4427,,
1824729,Stockton,CA,California,95207-7624,,
1823777,Piedmont,CA,California,94610-1026,,
1827948,Huntington Beach,CA,California,92646-4124,,
1825452,Stockton,CA,California,95209-1642,,
1831173,Redding,CA,California,96001-4563,,
1827664,Stockton,CA,California,95203-2535,,
1827887,Elk Grove,CA,California,95757-3001,,
1823911,Elk Grove,CA,California,95757-9514,,
1832563,Stockton,CA,California,95204,,
1829384,Wheaton,IL,Illinois,60189-7172,,
1828583,Camarillo,CA,California,93010-6192,,
1828847,Daly City,CA,California,94015-3412,,
1827541,Stockton,CA,California,95205-7006,,
1828188,Tracy,CA,California,95376-8712,,
1832437,Milpitas,CA,California,95035-4503,,
1830112,Davis,CA,California,95616-9456,,
1828838,Sacramento,CA,California,95831-4266,,
1830638,San Francisco,CA,California,94118-2812,,
1830380,Stockton,CA,California,95206-5905,,
1830657,Turlock,CA,California,95382-7387,,
1828943,Chino Hills,CA,California,91709-4902,,
1832379,Rancho Santa Fe,CA,California,92067-7097,,
1833965,Galt,CA,California,95632-2645,,
1833361,Woodland,CA,California,95695-2734,,
1829014,Manteca,CA,California,95336-3560,,
1832791,Cupertino,CA,California,95014-4011,,
1832532,Stockton,CA,California,95206-6514,,
1828980,Fremont,CA,California,94539-5239,,
1828957,Turlock,CA,California,95382-9222,,
1831887,Eugene,OR,Oregon,97405-6259,,
1833984,Fremont,CA,California,94539-5282,,
1833941,Stockton,CA,California,95209,,
1830706,San Francisco,CA,California,94112-1707,,
1832714,South Jordan,UT,Utah,84095-2740,,
1831916,Linden,CA,California,95236-9697,,
1830921,Oakdale,CA,California,95361-9761,,
1833565,Shasta,CA,California,96087-0622,,
1837996,Angels Camp,CA,California,95222,,
1835412,Greenwood Village,CO,Colorado,80121-1810,,
1833680,Sacramento,CA,California,95820-4915,,
1830451,Santa Clara,CA,California,95050,,
1838448,Stockton,CA,California,95209,,
1834418,Manteca,CA,California,95337-5432,,
1835155,Escondido,CA,California,92029-7307,,
1835168,San Jose,CA,California,95135-1166,,
1836114,San Francisco,CA,California,94122-3412,,
1835000,Manteca,CA,California,95337-8807,,
1836399,Tracy,CA,California,95376-4668,,
1836899,Fresno,CA,California,93730-0615,,
1836897,Morgan Hill,CA,California,95037-9647,,
1842805,Nice,,,6300,41.0,FRANCE
1834356,Stockton,CA,California,95219-1801,,
1834130,Pine Grove,CA,California,95665-9661,,
1834444,Modesto,CA,California,95351-4819,,
1834198,Stockton,CA,California,95206-2772,,
1834708,Stockton,CA,California,95204-3026,,
1834714,Elk Grove,CA,California,95758-6001,,
1834395,Colorado Springs,CO,Colorado,80918-1363,,
1837304,Elk Grove,CA,California,95624-2151,,
1838070,Gardena,CA,California,90249-4827,,
1841083,Livermore,CA,California,94551-1602,,
1841085,Livermore,CA,California,94550-8122,,
1834415,Stockton,CA,California,95206-3131,,
1843537,Walnut Creek,CA,California,94598-3428,,
1843156,Stockton,CA,California,95219-2543,,
1859124,Riverbank,CA,California,95367-2962,,
1858236,Mililani,HI,Hawaii,96789-4436,,
1856822,Napa,CA,California,94558-2602,,
1852364,Stockton,CA,California,95210-3615,,
1862924,Walnut Creek,CA,California,94598-4661,,
1863801,Tracy,CA,California,95377-6615,,
1862300,Redwood City,CA,California,94061-1709,,
1871378,ALHAMBRA,CA,California,91801,,
1868547,Honolulu,HI,Hawaii,96816-5748,,
1864455,San Pablo,CA,California,94806-1859,,
1863942,Los Banos,CA,California,93635-5442,,
1867867,Sacramento,CA,California,95826-3006,,
1862941,Castro Valley,CA,California,94546-6809,,
1857673,Stockton,CA,California,95210-3647,,
1861807,Kent,WA,Washington,98030-4980,,
1855222,Stockton,CA,California,95219-1818,,
1862824,Lathrop,CA,California,95330-8530,,
1860828,Modesto,CA,California,95356-8937,,
1860867,San Francisco,CA,California,94124-3005,,
1868948,Arlington,VA,Virginia,22201-2666,,
1868351,San Jose,CA,California,95129-4125,,
1861045,Stockton,CA,California,95206-1928,,
1849158,Lodi,CA,California,95240-7901,,
1859886,Foster City,CA,California,94404-3546,,
1856500,Stockton ,CA,California,95210-6615,,
1857929,Sacramento,CA,California,95831-5769,,
1860591,Arroyo Grande,CA,California,93420-9718,,
1853066,Carmichael,CA,California,95608,,
1860029,San Jose,CA,California,95129-2942,,
1859440,Irvine,CA,California,92612-2925,,
1870532,Lathrop,CA,California,95330-8850,,
1861390,Elk Grove,CA,California,95758-4137,,
1869355,El Cerrito,CA,California,94530,,
1875515,Lodi,CA,California,95242-8200,,
1858695,Benicia,CA,California,94510-2407,,
1869766,Saratoga,CA,California,95070-4271,,
1860788,Modesto,CA,California,95356-4300,,
1866010,Hanford,CA,California,93230-2612,,
1868550,Lafayette,CO,Colorado,80026-9376,,
1864700,Portland,OR,Oregon,97221-1550,,
1870192,Chengdu,,,610057,171.0,PR CHINA
1875530,Elk Grove,CA,California,95757-4355,,
1868887,Tracy,CA,California,95377-7067,,
1856299,Lathrop,CA,California,95330-8827,,
1863131,Stockton,CA,California,95212-3545,,
1864133,Antioch,CA,California,94531-8472,,
1857597,Honolulu,HI,Hawaii,96825-2873,,
1859347,Stockton,CA,California,95204-1218,,
1871135,Kennewick,WA,Washington,99337-3043,,
1857628,Sacramento,CA,California,95816-3706,,
1850654,Exeter,CA,California,93221-9529,,
1857159,Fremont,CA,California,94539-8008,,
1866116,Whittier,CA,California,90605-2902,,
1859942,Stockton,CA,California,95206-3280,,
1857988,Ripon,CA,California,95366-0111,,
1860002,Stockton,CA,California,95210-6702,,
1865612,Lodi,CA,California,95240-6279,,
1881953,Sirsa,,,125055,56.0,INDIA
1874452,Oakland,CA,California,94621-2707,,
1871337,Stockton,CA,California,95211,,
1868812,Stockton,CA,California,95212,,
1860694,Cypress,CA,California,90630-3503,,
1858047,Stockton,CA,California,95219-3819,,
1861246,Chino,CA,California,91710-2855,,
1852384,Victorville,CA,California,92395-8509,131.0,UNITED STATES
1864806,Sacramento,CA,California,95838,,
1870249,Barrigagda,,,,226.0,GUAM (US)
1851798,French Camp,CA,California,95231-9620,,
1868265,Tracy,CA,California,95376-2464,,
1881424,Taxila Cantt,,,47080,97.0,PAKISTAN
1854099,Modesto,CA,California,95356-9621,,
1850769,San Diego,CA,California,92131-3824,,
1861009,Petaluma,CA,California,94954-4675,,
1858023,Lathrop,CA,California,95330-8815,,
1851885,Lathrop,CA,California,95330-9103,,
1860236,Waipahu,HI,Hawaii,96797-4295,,
1856243,Folsom,CA,California,95630-7502,,
1857354,Stockton,CA,California,95207-4012,,
1858231,San Carlos,CA,California,94070-3459,,
1858207,Modesto,CA,California,95356-8992,,
1870955,Stuart,FL,Florida,34994-2873,,
1881283,Dehradun,,,248001,56.0,INDIA
1881703,Lahore,,,54000,97.0,PAKISTAN
1857967,Oakley,CA,California,94561-3929,,
1861856,Scotts Valley,CA,California,95066-4904,,
1851730,Los Banos,CA,California,93635-2958,,
1853650,Valley Springs,CA,California,95252-9456,,
1856836,Orinda,CA,California,94563-3406,131.0,UNITED STATES
1855838,Irvine,CA,California,92604-4612,,
1864458,Stockton,CA,California,95212-3111,,
1855374,Houston,TX,Texas,77062-3670,,
1867793,Laguna Niguel,CA,California,92677-3761,,
1858459,Stockton,CA,California,95205-7874,,
1867919,Newark,CA,California,94560,,
1870527,Modesto,CA,California,95351,,
1859639,Valley Springs,CA,California,95252-9564,,
1875327,Hayward,CA,California,94542-7940,,
1850544,Carson City,NV,Nevada,89701-7604,,
1854398,Pebble Beach,CA,California,93953-3052,,
1863265,Monte Sereno,CA,California,95030-3103,,
1862573,Lodi,CA,California,95242-3809,,
1854074,French Camp,CA,California,95231-9713,,
1875775,San Francisco,CA,California,94124-2722,,
1876264,Fountain Valley,CA,California,92708-5933,,
1877552,Manteca,CA,California,95337-8981,,
1879978,Kalyan,,,421304,56.0,INDIA
1861348,Stockton,CA,California,95210-3272,,
1869731,Elk Grove,CA,California,95624-4055,,
1858822,Hollister,CA,California,95023-8945,,
1862983,Puyallup,WA,Washington,98374-1380,,
1865788,Fremont,CA,California,94536-5249,,
1867222,Gold River,CA,California,95670-6206,,
1872721,Brentwood,CA,California,94513-6715,,
1860688,Los Gatos,CA,California,95030-4346,,
1863267,San Jose,CA,California,95148-2846,,
1857233,Stockton,CA,California,95203-2935,,
1864515,Modesto,CA,California,95355-7889,,
1875312,Lathrop,CA,California,95330-8842,,
1864654,Oakland,CA,California,94602-2421,,
1877844,Concord,CA,California,94521-4006,,
1845182,Stockton,CA,California,95210-1208,,
1867810,Honolulu,HI,Hawaii,96815-4335,,
1853656,Modesto,CA,California,95355-8714,,
1866002,Elk Grove,CA,California,95624-4116,,
1893992,Dublin,CA,California,94568-4359,,
1863022,Sonoma,CA,California,95476-7688,,
1890171,Escondido,CA,California,92026-1439,,
1885079,Valley Springs,CA,California,95252-9414,,
1892717,Crestline,CA,California,92325-3896,,
1883992,Lake Stevens,WA,Washington,98258-6647,,
1890919,Galt,CA,California,95632-3170,,
1909873,Oxnard,CA,California,93036-1530,,
1894233,Fremont,CA,California,94539-6293,,
1891736,Stockton,CA,California,95206-6306,,
1900826,Belmont,CA,California,94002-1740,,
1894333,Manteca,CA,California,95336-9180,,
1892817,Irvine,CA,California,92620-3449,,
1892382,Lodi,CA,California,95240-3033,,
1888142,Manteca,CA,California,95337-8721,,
1902087,Mountain View,CA,California,94040-1662,,
1909955,Navi Mumbai,,,410210,56.0,INDIA
1890347,Redwood City,CA,California,94063-3513,,
1890959,Garden Grove,CA,California,92845-1330,,
1889763,Manteca,CA,California,95336-4407,,
1890217,Stockton,CA,California,95212-9275,,
1898753,Stockton,CA,California,95219-2544,,
1886809,Stockton,CA,California,95205-7791,,
1895793,Bellevue,WA,Washington,98006-3480,,
1896327,Tamuning,GU,Guam,96931-7145,,
1895192,Carlsbad,CA,California,92009-8544,,
1885077,Elk Grove,CA,California,95624-3286,,
1891857,Turlock,CA,California,95382,131.0,UNITED STATES
1888412,Milpitas,CA,California,95035-2855,,
1888739,Merced,CA,California,95340-0763,,
1891719,Sacramento,CA,California,95829-8140,,
1897136,Stockton,CA,California,95207-5284,,
1907641,Bellevue,WA,Washington,98006-2912,,
1900193,Sacramento,CA,California,95835-2107,,
1888085,Stockton,CA,California,95212-3213,,
1890966,San Jose,CA,California,95120-4455,,
1889129,Acampo,CA,California,95220-9577,,
1858588,Davis,CA,California,95616-0162,,
1883993,Stockton,CA,California,95209-3507,,
1900982,Downey,CA,California,90241-2003,,
1892460,San Jose,CA,California,95129-4111,,
1911653,Gurgaon,,,122002,56.0,INDIA
1894228,Novato,CA,California,94947-2835,,
1913740,Kunshan,,,215300,171.0,PR CHINA
1907730,Rancho Cordova,CA,California,95670-3147,,
1890395,Manteca,CA,California,95336-8335,,
1893719,Sebastopol,CA,California,95472-9547,,
1897049,Roseville,CA,California,95747-6729,,
1907438,Union City,CA,California,94587,,
1898315,Stockton,CA,California,95206-2815,,
1891006,Alameda,CA,California,94502-7015,,
1900958,San Ramon,CA,California,94582-3032,,
1910899,Ottawa,ON,Ontario,K1T 2V5,,
1902066,Fremont,CA,California,94555-1216,,
1916080,Mubarak Al Kabeer,,,47022,70.0,KUWAIT
1885621,Spanaway,WA,Washington,98387-6780,,
1887335,San Bruno,CA,California,94066-3218,,
1896371,Stockton,CA,California,95205-7870,,
1909087,Dixon,CA,California,95620-4208,,
1891451,Stockton,CA,California,95204-2841,,
1890477,Mumbai,,,400709,56.0,INDIA
1888002,Lafayette,CA,California,94549-5423,,
1871238,Los Angeles,CA,California,90019-2243,,
1904678,San Jose,CA,California,95123-1309,,
1908758,Nancy,,,54000,41.0,FRANCE
1893505,Stockton,CA,California,95210-1787,,
1891500,West Sacramento,CA,California,95691,,
1890270,Alamo,CA,California,94507-1603,,
1902871,San Jose,CA,California,95129-4671,,
1886264,Los Angeles,CA,California,90010-1305,,
1894294,Lockeford,CA,California,95237-9545,,
1897418,Stockton,CA,California,95210-3728,,
1884677,Vallejo,CA,California,94591-3632,,
1893024,Santa Clara,CA,California,95051-1105,,
1897551,Stockton,CA,California,95209-4319,,
1883861,Sacramento,CA,California,95828-6005,,
1902858,Union City,CA,California,94587-5157,,
1892309,San Jose,CA,California,95116-2565,,
1886836,Sacramento,CA,California,95821-5316,,
1886822,Stockton,CA,California,95219-3618,,
1903056,Stockton,CA,California,95205-7797,,
1907489,Oceanside,CA,California,92058-6623,,
1889977,Fremont,CA,California,94538-4602,,
1888725,Manteca,CA,California,95336-4404,,
1894025,Millbrae,CA,California,94030-2133,,
1900293,Woodinville,WA,Washington,98077-8851,,
1910902,Yangon,,,,290.0,MYANMAR
1893414,San Ramon,CA,California,94583-5247,,
1893969,,,,,,
1896250,Saratoga,CA,California,95070-4024,,
1892730,Fremont,CA,California,94538-4174,,
1903911,Stockton,CA,California,95212-3217,,
1896106,Modesto,CA,California,95355-1921,,
1892072,Arcadia,CA,California,91006-5351,,
1893101,Mountain House,CA,California,95391,,
1897275,San Francisco,CA,California,94110-5108,,
1911931,Newark,DE,Delaware,19711-3843,,
1903967,Shenzhen,,,518172,171.0,PR CHINA
1893486,Stockton,CA,California,95210-3548,,
1892872,Lodi,CA,California,95242-2445,,
1891504,Coulterville,CA,California,95311-9547,,
1896396,Honolulu,HI,Hawaii,96817-1449,,
1882906,Stockton,CA,California,95204-3716,,
1872687,Fairfield,CA,California,94534-7872,,
1884668,Stockton,CA,California,95209-3811,,
1893358,Stockton,CA,California,95202-1318,,
1890022,Stockton,CA,California,95206-5726,,
1888877,San Jose,CA,California,95123-3422,,
1901579,Selma,CA,California,93662-4015,,
1885038,Lodi,CA,California,95242-3849,,
1896722,Elk Grove,CA,California,95757-2800,,
1893675,Oakdale,CA,California,95361-4005,,
1895277,Stockton,CA,California,95210-1233,,
1903499,,,,,,
1896329,Glendale,CA,California,91208-2408,,
1905716,Sacramento,CA,California,95823-1108,,
1889132,San Francisco,CA,California,94132-2810,,
1891527,Stockton,CA,California,95206-9698,,
1903418,Compton,CA,California,90222-1728,,
1895810,Livermore,CA,California,94550-9422,,
1899308,Flower Mound,TX,Texas,75022-5177,,
1886660,Clayton,CA,California,94517-1247,,
1910352,Rumaithiya,,,,70.0,KUWAIT
1893043,Linden,CA,California,95236-9655,,
1888909,San Mateo,CA,California,94403-4912,,
1885111,Stockton,CA,California,95219-7200,,
1891941,Hercules,CA,California,94547-2704,,
1888403,San Carlos,CA,California,94070-4421,,
1908386,Elk Grove,CA,California,95757-5959,,
1895119,Stockton,CA,California,95219-2547,,
1891260,Moorpark,CA,California,93021-3586,,
1887887,San Francisco,CA,California,94158-1549,,
1889267,Honolulu,HI,Hawaii,96816-3113,,
1894104,Redwood City,CA,California,94063-4405,,
1885620,Elk Grove,CA,California,95758-8042,,
1892672,San Francisco,CA,California,94131-1031,,
1899700,Sonoma,CA,California,95476-7676,,
1896346,Stockton,CA,California,95219-7179,,
1894114,El Macero,CA,California,95618-1078,,
1902168,Chicago,IL,Illinois,60638,131.0,UNITED STATES
1900158,Stockton,CA,California,95215-9586,,
1922006,Sunnyvale,CA,California,94085-3040,,
1924681,San Mateo,CA,California,94404-2074,,
1927122,Lodi,CA,California,95242-2534,,
1919571,Normandy Park,WA,Washington,98166-3746,,
1921040,San Jose,CA,California,95130-1772,,
1918668,Sonora,CA,California,95370-9628,,
1934424,Pleasanton,CA,California,94588-3604,,
1924927,Concord,CA,California,94520-1722,,
1923788,Danville,CA,California,94526-1501,,
1920766,Citrus Heights,CA,California,95610-0732,,
1937285,Ontario,CA,California,91761-9142,,
1922469,Stockton,CA,California,95205-2561,,
1923998,West Palm Beach,FL,Florida,33411-5308,,
1926533,Stockton,CA,California,95212-2715,,
1919281,Lathrop,CA,California,95330-9167,,
1939730,Ho Chi Minh `,,,700000,137.0,VIETNAM
1933002,Foster City,CA,California,94404-3106,,
1929279,Los Angeles,CA,California,90017-2045,,
1934436,Bakersfield,CA,California,93311-2175,,
1922400,Daly City,CA,California,94015-4402,,
1919320,Elk Grove,CA,California,95757-6267,,
1944938,Yangon,,,11111,290.0,MYANMAR
1926303,Saratoga,CA,California,95070-6031,,
1924960,Parlier,CA,California,93648-9771,,
1929815,Lodi,CA,California,95240-6014,,
1935796,Hillsborough,CA,California,94010-6523,,
1929023,Portland,OR,Oregon,97229-5294,,
1940717,Santa Monica,CA,California,90403-4530,,
1934423,St Thomas,VI,Virgin Islands,00801-1954,,
1928738,Stockton,CA,California,95207-3924,,
1923266,Oak Park,CA,California,91377-5543,,
1928582,Haiku,HI,Hawaii,96708-5819,,
1929522,San Jose,CA,California,95123-3333,,
1931455,San Jose,CA,California,95133-1261,,
1935641,Tracy,CA,California,95376-3343,,
1925393,Elk Grove,CA,California,95624-1266,,
1936217,Bakersfield,CA,California,93311-9136,,
1927608,Cupertino,CA,California,95014-5019,,
1926191,Daly City,CA,California,94014-1604,,
1922351,Lodi,CA,California,95242-8331,,
1923541,Los Altos,CA,California,94024-5059,,
1920771,Temecula,CA,California,92591-4977,,
1928878,Foothill Ranch,CA,California,92610-2300,,
1941849,Folsom,CA,California,95630-6295,,
1941855,Baku,,,,21.0,AZERBAIJAN
1921003,Milpitas,CA,California,95035-3234,,
1941598,Khobar,,,31952,111.0,SAUDI ARABIA
1927466,Stockton,CA,California,95206-6351,,
1921296,San Jose,CA,California,95131-3153,,
1922442,Stockton,CA,California,95206-4601,,
1929192,Santa Monica,CA,California,90403-3612,,
1947977,Lodi,CA,California,95242-4526,,
1919386,Livingston,CA,California,95334-1540,,
1943227,Hyderabad,,,,97.0,PAKISTAN
1925491,Lompoc,CA,California,93436-2213,,
1928587,Temecula,CA,California,92591-4451,,
1938900,Los Angeles,CA,California,90022-5309,,
1921087,Sacramento,CA,California,95829-8006,,
1927008,Sacramento,CA,California,95831-5414,,
1922417,San Jose,CA,California,95133-2054,,
1928027,Tracy,CA,California,95376-4331,,
1937813,Lathrop,CA,California,95330-8762,,
1940968,Shatin,,,,227.0,HONG KONG
1925684,Mather,CA,California,95655-3017,,
1942168,Caracas,,,1080,135.0,VENEZUELA
1934190,San Jose,CA,California,95129-4857,,
1932312,La Mirada,CA,California,90638-3914,,
1934541,Saratoga,CA,California,95070-4304,,
1921462,Roseville,CA,California,95661,,
1927286,Lodi,CA,California,95242-3310,,
1929370,Santa Clarita,CA,California,91350-2124,,
1929415,Seaside,CA,California,93955-5388,,
1935702,Collierville,TN,Tennessee,38017-9425,,
1921840,San Francisco,CA,California,94124,,
1932923,San Marcos,CA,California,92069-5700,,
1931519,La Habra,CA,California,90631-6313,,
1930183,Livermore,CA,California,94550,,
1920821,,,,,,
1941450,Stockton,CA,California,95212-2760,,
1919895,Stockton,CA,California,95212-2868,,
1939924,Palm Desert,CA,California,92260-6125,,
1926002,Stockton,CA,California,95210-5694,,
1942617,Alkharj,,,16439,111.0,SAUDI ARABIA
1927118,Fremont,CA,California,94539-7569,,
1940445,Yangon,,,1111,290.0,MYANMAR
1922957,Sierra Madre,CA,California,91024-1220,,
1929404,Elk Grove,CA,California,95624-2000,,
1923926,Livermore,CA,California,94551-4391,,
1932632,Quezon City,,,1110,101.0,PHILIPPINES
1924141,San Francisco,CA,California,94121-3414,,
1927296,Stockton,CA,California,95203-2929,,
1924416,Ontario,CA,California,91761-9142,,
1929421,San Francisco,CA,California,94112-2725,,
1928740,Jackson,CA,California,95642-2108,,
1927683,Stockton,CA,California,95209-3044,,
1921371,Wilton,CA,California,95693-9622,,
1931273,Lathrop,CA,California,95330-8987,,
1921731,Los Angeles,CA,California,90006-2902,,
1915345,Palmdale,CA,California,93551-4831,,
1925806,Elk Grove,CA,California,95624-6020,,
1921620,Livermore,CA,California,94550-2123,,
1919749,Manteca,CA,California,95336-7059,,
1921316,Honolulu,HI,Hawaii,96817-1177,,
1929282,Stockton,CA,California,95210-1721,,
1920247,Manteca,CA,California,95336-3817,,
1920817,Gilroy,CA,California,95020-7750,,
1931758,Sammamish,WA,Washington,98075-6831,,
1923114,Stockton,CA,California,95206-3761,,
1919904,Orangevale,CA,California,95662-4949,,
1926764,Dublin,CA,California,94568-2126,,
1920998,San Jose,CA,California,95120-4835,,
1922586,Salida,CA,California,95368-8111,,
1925213,Fontana,CA,California,92336-4408,,
1919611,Modesto,CA,California,95351-3200,,
1917181,Pasadena,CA,California,91107-3004,,
1927368,Merced,CA,California,95341-5524,,
1919340,Concord,CA,California,94521-4045,,
1943450,Karachi,,,,97.0,PAKISTAN
1925199,Rohnert Park,CA,California,94928-3306,,
1933919,Carson,CA,California,90746,,
1917177,Stockton,CA,California,95219-2430,,
1927650,Stockton,CA,California,95212-3125,,
1930309,Stockton,CA,California,95209-1733,,
1926467,Turlock,CA,California,95382-2970,,
1931944,Stockton,CA,California,95204-2521,,
1921167,Novato,CA,California,94947-3074,,
1909657,Stockton,CA,California,95219-3139,,
1941999,Yangon,,,11111,290.0,MYANMAR
1943939,South Gate,CA,California,90280-6954,,
1933735,Lathrop,CA,California,95330,,
1923021,Fircrest,WA,Washington,98466-7420,,
1927068,Stockton,CA,California,95219-4948,,
1926827,Fremont,CA,California,94536-7362,,
1927615,Stockton,CA,California,95204-2014,,
1934723,Seattle,WA,Washington,98118-2016,,
1927266,Modesto,CA,California,95350-2439,,
1934007,Livermore,CA,California,94551-8801,,
1920587,Stockton,CA,California,95212-2850,,
1922804,Manteca,CA,California,95336-7015,,
1920878,Sunset Beach,CA,California,90742-0732,,
1921020,Yorba Linda,CA,California,92886-4126,,
1952959,Lathrop,CA,California,95330-9103,,
1962772,West Babylon,NY,New York,11704-4305,,
1959552,Walnut Creek,CA,California,94598-4679,,
1963476,Santa Rosa,CA,California,95407-4519,,
1965574,San Ramon,CA,California,94582-5775,,
1954349,Lodi,CA,California,95242-3937,,
1955662,San Francisco,CA,California,94103-7504,,
1956702,Stockton,CA,California,95206-4698,,
1956546,Stockton,CA,California,95206-2960,,
1952810,Jeddah,,,39003,111.0,SAUDI ARABIA
1973245,Los Angeles,CA,California,90027-1478,,
1972976,Elk Grove,CA,California,95758-4671,,
1956089,Escalon,CA,California,95320-8547,,
1951042,Stockton,CA,California,95212-3418,,
1965058,Winchester,CA,California,92596-9235,,
1956992,Davis,CA,California,95616-9456,,
1955331,Fair Oaks,CA,California,95628-7436,,
1952623,Union City,CA,California,94587-2434,,
1954419,Turlock,CA,California,95382-8663,,
1970918,Woodland Hills,CA,California,91367-1032,,
1959154,Woodland Hills,CA,California,91367-1018,,
1955753,Monrovia,CA,California,91016-1836,,
1967909,Cupertino,CA,California,95014-1318,,
1952707,Sacramento,CA,California,95823-5341,,
1966577,Tacoma,WA,Washington,98422-2290,,
1959122,Stockton,CA,California,95206-4630,,
1955466,Lodi,CA,California,95240,,
1960829,Los Gatos,CA,California,95032-3614,,
1953898,Stockton,CA,California,95204-4441,,
1950443,Stockton,CA,California,95204-4240,,
1950662,Livermore,CA,California,94551-5634,,
1950761,Old Greenwich,CT,Connecticut,06870-1201,,
1949749,Stockton,CA,California,95209-4241,,
1951044,Ceres,CA,California,95307-7258,,
1951040,Windsor,CA,California,95492-6848,,
1950286,Stockton,CA,California,95219-1926,,
1949277,Kapolei,HI,Hawaii,96707-4275,,
1949605,Sacramento,CA,California,95835-2039,,
1963773,Berry Creek,CA,California,95916-0352,,
1959516,Stockton,CA,California,95206-6085,,
1959339,Santa Rosa,CA,California,95409-4381,,
1956982,Salinas,CA,California,93905-1001,,
1958273,Stockton,CA,California,95212-2894,,
1956320,Tracy,CA,California,95376-5644,,
1959601,Lake Forest,CA,California,92630-3225,,
1960589,Roseville,CA,California,95747-8819,,
1958335,Bakersfield,CA,California,93311-2872,,
1955868,Elk Grove,CA,California,95758-4684,,
1955722,Los Angeles,CA,California,90041-2244,,
1961113,Stockton,CA,California,95204-4117,,
1963903,Lathrop,CA,California,95330-8847,,
1956475,Sparks,NV,Nevada,89434-0766,,
1952556,Modesto,CA,California,95350-2653,,
1968000,Whittier,CA,California,90606-1638,,
1956279,Stockton,CA,California,95209-4553,,
1959818,Stockton,CA,California,95204-2646,,
1958248,Herald,CA,California,95638-9761,,
1954112,Stockton,CA,California,95212-3406,,
1958367,Sacramento,CA,California,95826-5015,,
1961435,Stockton,CA,California,95203-3722,,
1950848,Stockton,CA,California,95207-4548,,
1955739,Stockton,CA,California,95205-3401,,
1960732,Sacramento,CA,California,95835-2439,,
1952976,San Francisco,CA,California,94158-1545,,
1961521,Tracy,CA,California,95304-8144,,
1955952,Stockton,CA,California,95203-2246,,
1959020,Salida,CA,California,95368-9379,,
1961927,Rosamond,CA,California,93560-6701,,
1954178,Santa Clara,CA,California,95050-6612,,
1959156,Davis,CA,California,95618-1442,,
1959464,Stockton,CA,California,95209-4196,,
1957885,Sacramento,CA,California,95827-1318,,
1955764,Lathrop,CA,California,95330-8519,,
1954103,Lodi,CA,California,95240-6804,,
1957661,Manteca,CA,California,95337-6695,,
1963446,Placerville,CA,California,95667-8465,,
1951781,Los Gatos,CA,California,95032-4827,,
1951770,West Covina,CA,California,91792-1912,,
1956871,Stockton,CA,California,95207-5828,,
1956302,Petaluma,CA,California,94954-4675,,
1960725,Lodi,CA,California,95242-8200,,
1968817,Stockton,CA,California,95215-8330,,
1959027,Los Altos,CA,California,94022-3916,,
1954854,Stockton,CA,California,95212-3830,,
1968419,La Crescenta,CA,California,91214-3894,,
1960708,Hilo,HI,Hawaii,96720-5364,,
1953277,Sherman Oaks,CA,California,91403-4529,,
1953137,Acampo,CA,California,95220-9618,,
1953232,Jamesville,NY,New York,13078-9600,,
1963185,Lodi,CA,California,95242,,
1953516,San Francisco,CA,California,94116-1902,,
1956197,Modesto,CA,California,95355-8209,,
1961203,Morgan Hill,CA,California,95037-6624,,
1959609,Lathrop,CA,California,95330-8238,,
1953821,Weaverville,CA,California,96093-2581,,
1958386,Modesto,CA,California,95358-2250,,
1953884,Manteca,CA,California,95337,,
1954720,Manteca,CA,California,95336-6450,,
1962671,Escalon,CA,California,95320-2175,,
1959989,Millinocket,ME,Maine,04462-1829,,
1961266,Sacramento,CA,California,95828-5160,,
